URL,Filename
https://a.espncdn.com/combiner/i?img=/i/headshots/nhl/players/full/3756.png,3756.png
https://a.espncdn.com/combiner/i?img=/i/headshots/nhl/players/full/3025590.png,3025590.png
https://a.espncdn.com/combiner/i?img=/i/headshots/nhl/players/full/3042080.png,3042080.png
https://a.espncdn.com/combiner/i?img=/i/headshots/nhl/players/full/4294651.png,4294651.png
https://a.espncdn.com/combiner/i?img=/i/headshots/nhl/players/full/4267976.png,4267976.png
https://a.espncdn.com/combiner/i?img=/i/headshots/nhl/players/full/5757.png,5757.png
https://a.espncdn.com/combiner/i?img=/i/headshots/nhl/players/full/3899933.png,3899933.png
https://a.espncdn.com/combiner/i?img=/i/headshots/nhl/players/full/3669.png,3669.png
https://a.espncdn.com/combiner/i?img=/i/headshots/nhl/players/full/2179.png,2179.png
https://a.espncdn.com/combiner/i?img=/i/headshots/nhl/players/full/3114744.png,3114744.png
https://a.espncdn.com/combiner/i?img=/i/headshots/nhl/players/full/2563065.png,2563065.png
https://a.espncdn.com/combiner/i?img=/i/headshots/nhl/players/full/4063433.png,4063433.png
https://a.espncdn.com/combiner/i?img=/i/headshots/nhl/players/full/3735.png,3735.png
https://a.espncdn.com/combiner/i?img=/i/headshots/nhl/players/full/3151784.png,3151784.png
https://a.espncdn.com/combiner/i?img=/i/headshots/nhl/players/full/3891922.png,3891922.png
https://a.espncdn.com/combiner/i?img=/i/headshots/nhl/players/full/2306.png,2306.png
https://a.espncdn.com/combiner/i?img=/i/headshots/nhl/players/full/2976840.png,2976840.png
https://a.espncdn.com/combiner/i?img=/i/headshots/nhl/players/full/2562618.png,2562618.png
https://a.espncdn.com/combiner/i?img=/i/headshots/nhl/players/full/2389.png,2389.png
https://a.espncdn.com/combiner/i?img=/i/headshots/nhl/players/full/2339.png,2339.png
https://a.espncdn.com/combiner/i?img=/i/headshots/nhl/players/full/1671.png,1671.png
https://a.espncdn.com/combiner/i?img=/i/headshots/nhl/players/full/3506.png,3506.png
https://a.espncdn.com/combiner/i?img=/i/headshots/nhl/players/full/4024879.png,4024879.png
https://a.espncdn.com/combiner/i?img=/i/headshots/nhl/players/full/3069394.png,3069394.png
https://a.espncdn.com/combiner/i?img=/i/headshots/nhl/players/full/3041969.png,3041969.png
https://a.espncdn.com/combiner/i?img=/i/headshots/nhl/players/full/3387.png,3387.png
https://a.espncdn.com/combiner/i?img=/i/headshots/nhl/players/full/5366.png,5366.png
https://a.espncdn.com/combiner/i?img=/i/headshots/nhl/players/full/5185.png,5185.png
https://a.espncdn.com/combiner/i?img=/i/headshots/nhl/players/full/5116.png,5116.png
https://a.espncdn.com/combiner/i?img=/i/headshots/nhl/players/full/3041995.png,3041995.png
https://a.espncdn.com/combiner/i?img=/i/headshots/nhl/players/full/3114999.png,3114999.png
https://a.espncdn.com/combiner/i?img=/i/headshots/nhl/players/full/2562609.png,2562609.png
https://a.espncdn.com/combiner/i?img=/i/headshots/nhl/players/full/2563076.png,2563076.png
https://a.espncdn.com/combiner/i?img=/i/headshots/nhl/players/full/3042092.png,3042092.png
https://a.espncdn.com/combiner/i?img=/i/headshots/nhl/players/full/3899938.png,3899938.png
https://a.espncdn.com/combiner/i?img=/i/headshots/nhl/players/full/5315.png,5315.png
https://a.espncdn.com/combiner/i?img=/i/headshots/nhl/players/full/5181.png,5181.png
https://a.espncdn.com/combiner/i?img=/i/headshots/nhl/players/full/4991.png,4991.png
https://a.espncdn.com/combiner/i?img=/i/headshots/nhl/players/full/4063401.png,4063401.png
https://a.espncdn.com/combiner/i?img=/i/headshots/nhl/players/full/3649.png,3649.png
https://a.espncdn.com/combiner/i?img=/i/headshots/nhl/players/full/4233563.png,4233563.png
https://a.espncdn.com/combiner/i?img=/i/headshots/nhl/players/full/2590752.png,2590752.png
https://a.espncdn.com/combiner/i?img=/i/headshots/nhl/players/full/3042021.png,3042021.png
https://a.espncdn.com/combiner/i?img=/i/headshots/nhl/players/full/5657.png,5657.png
https://a.espncdn.com/combiner/i?img=/i/headshots/nhl/players/full/3759.png,3759.png
https://a.espncdn.com/combiner/i?img=/i/headshots/nhl/players/full/3655.png,3655.png
https://a.espncdn.com/combiner/i?img=/i/headshots/nhl/players/full/3042062.png,3042062.png
https://a.espncdn.com/combiner/i?img=/i/headshots/nhl/players/full/3067879.png,3067879.png
https://a.espncdn.com/combiner/i?img=/i/headshots/nhl/players/full/2976842.png,2976842.png
https://a.espncdn.com/combiner/i?img=/i/headshots/nhl/players/full/3042085.png,3042085.png
https://a.espncdn.com/combiner/i?img=/i/headshots/nhl/players/full/5430.png,5430.png
https://a.espncdn.com/combiner/i?img=/i/headshots/nhl/players/full/1183.png,1183.png
https://a.espncdn.com/combiner/i?img=/i/headshots/nhl/players/full/3998.png,3998.png
https://a.espncdn.com/combiner/i?img=/i/headshots/nhl/players/full/3257.png,3257.png
https://a.espncdn.com/combiner/i?img=/i/headshots/nhl/players/full/3042003.png,3042003.png
https://a.espncdn.com/combiner/i?img=/i/headshots/nhl/players/full/5526.png,5526.png
https://a.espncdn.com/combiner/i?img=/i/headshots/nhl/players/full/3249.png,3249.png
https://a.espncdn.com/combiner/i?img=/i/headshots/nhl/players/full/2563074.png,2563074.png
https://a.espncdn.com/combiner/i?img=/i/headshots/nhl/players/full/5560.png,5560.png
https://a.espncdn.com/combiner/i?img=/i/headshots/nhl/players/full/2304599.png,2304599.png
https://a.espncdn.com/combiner/i?img=/i/headshots/nhl/players/full/3149612.png,3149612.png
https://a.espncdn.com/combiner/i?img=/i/headshots/nhl/players/full/3042040.png,3042040.png
https://a.espncdn.com/combiner/i?img=/i/headshots/nhl/players/full/4233536.png,4233536.png
https://a.espncdn.com/combiner/i?img=/i/headshots/nhl/players/full/3114754.png,3114754.png
https://a.espncdn.com/combiner/i?img=/i/headshots/nhl/players/full/5759.png,5759.png
https://a.espncdn.com/combiner/i?img=/i/headshots/nhl/players/full/2590751.png,2590751.png
https://a.espncdn.com/combiner/i?img=/i/headshots/nhl/players/full/3069352.png,3069352.png
https://a.espncdn.com/combiner/i?img=/i/headshots/nhl/players/full/3993.png,3993.png
https://a.espncdn.com/combiner/i?img=/i/headshots/nhl/players/full/2328.png,2328.png
https://a.espncdn.com/combiner/i?img=/i/headshots/nhl/players/full/2562625.png,2562625.png
https://a.espncdn.com/combiner/i?img=/i/headshots/nhl/players/full/3384.png,3384.png
https://a.espncdn.com/combiner/i?img=/i/headshots/nhl/players/full/3866.png,3866.png
https://a.espncdn.com/combiner/i?img=/i/headshots/nhl/players/full/4272107.png,4272107.png
https://a.espncdn.com/combiner/i?img=/i/headshots/nhl/players/full/3760.png,3760.png
https://a.espncdn.com/combiner/i?img=/i/headshots/nhl/players/full/3115033.png,3115033.png
https://a.espncdn.com/combiner/i?img=/i/headshots/nhl/players/full/3904091.png,3904091.png
https://a.espncdn.com/combiner/i?img=/i/headshots/nhl/players/full/2147.png,2147.png
https://a.espncdn.com/combiner/i?img=/i/headshots/nhl/players/full/4024933.png,4024933.png
https://a.espncdn.com/combiner/i?img=/i/headshots/nhl/players/full/2563085.png,2563085.png
https://a.espncdn.com/combiner/i?img=/i/headshots/nhl/players/full/2378.png,2378.png
https://a.espncdn.com/combiner/i?img=/i/headshots/nhl/players/full/3069396.png,3069396.png
https://a.espncdn.com/combiner/i?img=/i/headshots/nhl/players/full/3114743.png,3114743.png
https://a.espncdn.com/combiner/i?img=/i/headshots/nhl/players/full/5172.png,5172.png
https://a.espncdn.com/combiner/i?img=/i/headshots/nhl/players/full/3900260.png,3900260.png
https://a.espncdn.com/combiner/i?img=/i/headshots/nhl/players/full/2975.png,2975.png
https://a.espncdn.com/combiner/i?img=/i/headshots/nhl/players/full/2593315.png,2593315.png
https://a.espncdn.com/combiner/i?img=/i/headshots/nhl/players/full/2952877.png,2952877.png
https://a.espncdn.com/combiner/i?img=/i/headshots/nhl/players/full/2290.png,2290.png
https://a.espncdn.com/combiner/i?img=/i/headshots/nhl/players/full/3067505.png,3067505.png
https://a.espncdn.com/combiner/i?img=/i/headshots/nhl/players/full/2562600.png,2562600.png
https://a.espncdn.com/combiner/i?img=/i/headshots/nhl/players/full/2970689.png,2970689.png
https://a.espncdn.com/combiner/i?img=/i/headshots/nhl/players/full/2334821.png,2334821.png
https://a.espncdn.com/combiner/i?img=/i/headshots/nhl/players/full/4924.png,4924.png
https://a.espncdn.com/combiner/i?img=/i/headshots/nhl/players/full/2564164.png,2564164.png
https://a.espncdn.com/combiner/i?img=/i/headshots/nhl/players/full/5079.png,5079.png
https://a.espncdn.com/combiner/i?img=/i/headshots/nhl/players/full/3047.png,3047.png
https://a.espncdn.com/combiner/i?img=/i/headshots/nhl/players/full/3242.png,3242.png
https://a.espncdn.com/combiner/i?img=/i/headshots/nhl/players/full/5223.png,5223.png
https://a.espncdn.com/combiner/i?img=/i/headshots/nhl/players/full/4927.png,4927.png
https://a.espncdn.com/combiner/i?img=/i/headshots/nhl/players/full/3648.png,3648.png
https://a.espncdn.com/combiner/i?img=/i/headshots/nhl/players/full/2968772.png,2968772.png
https://a.espncdn.com/combiner/i?img=/i/headshots/nhl/players/full/3149649.png,3149649.png
https://a.espncdn.com/combiner/i?img=/i/headshots/nhl/players/full/5831.png,5831.png
https://a.espncdn.com/combiner/i?img=/i/headshots/nhl/players/full/2563044.png,2563044.png
https://a.espncdn.com/combiner/i?img=/i/headshots/nhl/players/full/2555316.png,2555316.png
https://a.espncdn.com/combiner/i?img=/i/headshots/nhl/players/full/5434.png,5434.png
https://a.espncdn.com/combiner/i?img=/i/headshots/nhl/players/full/4064781.png,4064781.png
https://a.espncdn.com/combiner/i?img=/i/headshots/nhl/players/full/5145.png,5145.png
https://a.espncdn.com/combiner/i?img=/i/headshots/nhl/players/full/2993474.png,2993474.png
https://a.espncdn.com/combiner/i?img=/i/headshots/nhl/players/full/2570752.png,2570752.png
https://a.espncdn.com/combiner/i?img=/i/headshots/nhl/players/full/3892.png,3892.png
https://a.espncdn.com/combiner/i?img=/i/headshots/nhl/players/full/3530.png,3530.png
https://a.espncdn.com/combiner/i?img=/i/headshots/nhl/players/full/5556.png,5556.png
https://a.espncdn.com/combiner/i?img=/i/headshots/nhl/players/full/3120307.png,3120307.png
https://a.espncdn.com/combiner/i?img=/i/headshots/nhl/players/full/2563062.png,2563062.png
https://a.espncdn.com/combiner/i?img=/i/headshots/nhl/players/full/3817.png,3817.png
https://a.espncdn.com/combiner/i?img=/i/headshots/nhl/players/full/2558631.png,2558631.png
https://a.espncdn.com/combiner/i?img=/i/headshots/nhl/players/full/5169.png,5169.png
https://a.espncdn.com/combiner/i?img=/i/headshots/nhl/players/full/1466.png,1466.png
https://a.espncdn.com/combiner/i?img=/i/headshots/nhl/players/full/5677.png,5677.png
https://a.espncdn.com/combiner/i?img=/i/headshots/nhl/players/full/5436.png,5436.png
https://a.espncdn.com/combiner/i?img=/i/headshots/nhl/players/full/4044.png,4044.png
https://a.espncdn.com/combiner/i?img=/i/headshots/nhl/players/full/4045.png,4045.png
https://a.espncdn.com/combiner/i?img=/i/headshots/nhl/players/full/3157.png,3157.png
https://a.espncdn.com/combiner/i?img=/i/headshots/nhl/players/full/3042109.png,3042109.png
https://a.espncdn.com/combiner/i?img=/i/headshots/nhl/players/full/5347.png,5347.png
https://a.espncdn.com/combiner/i?img=/i/headshots/nhl/players/full/3114774.png,3114774.png
https://a.espncdn.com/combiner/i?img=/i/headshots/nhl/players/full/5208.png,5208.png
https://a.espncdn.com/combiner/i?img=/i/headshots/nhl/players/full/5219.png,5219.png
https://a.espncdn.com/combiner/i?img=/i/headshots/nhl/players/full/3069277.png,3069277.png
https://a.espncdn.com/combiner/i?img=/i/headshots/nhl/players/full/3114985.png,3114985.png
https://a.espncdn.com/combiner/i?img=/i/headshots/nhl/players/full/3149697.png,3149697.png
https://a.espncdn.com/combiner/i?img=/i/headshots/nhl/players/full/3853.png,3853.png
https://a.espncdn.com/combiner/i?img=/i/headshots/nhl/players/full/3792.png,3792.png
https://a.espncdn.com/combiner/i?img=/i/headshots/nhl/players/full/3042061.png,3042061.png
https://a.espncdn.com/combiner/i?img=/i/headshots/nhl/players/full/5835.png,5835.png
https://a.espncdn.com/combiner/i?img=/i/headshots/nhl/players/full/3113.png,3113.png
https://a.espncdn.com/combiner/i?img=/i/headshots/nhl/players/full/5837.png,5837.png
https://a.espncdn.com/combiner/i?img=/i/headshots/nhl/players/full/2194.png,2194.png
https://a.espncdn.com/combiner/i?img=/i/headshots/nhl/players/full/4916.png,4916.png
https://a.espncdn.com/combiner/i?img=/i/headshots/nhl/players/full/1565.png,1565.png
https://a.espncdn.com/combiner/i?img=/i/headshots/nhl/players/full/5062.png,5062.png
https://a.espncdn.com/combiner/i?img=/i/headshots/nhl/players/full/3904189.png,3904189.png
https://a.espncdn.com/combiner/i?img=/i/headshots/nhl/players/full/2563034.png,2563034.png
https://a.espncdn.com/combiner/i?img=/i/headshots/nhl/players/full/4960.png,4960.png
https://a.espncdn.com/combiner/i?img=/i/headshots/nhl/players/full/3069341.png,3069341.png
https://a.espncdn.com/combiner/i?img=/i/headshots/nhl/players/full/4013.png,4013.png
https://a.espncdn.com/combiner/i?img=/i/headshots/nhl/players/full/5111.png,5111.png
https://a.espncdn.com/combiner/i?img=/i/headshots/nhl/players/full/2590874.png,2590874.png
https://a.espncdn.com/combiner/i?img=/i/headshots/nhl/players/full/3042114.png,3042114.png
https://a.espncdn.com/combiner/i?img=/i/headshots/nhl/players/full/3042058.png,3042058.png
https://a.espncdn.com/combiner/i?img=/i/headshots/nhl/players/full/5767.png,5767.png
https://a.espncdn.com/combiner/i?img=/i/headshots/nhl/players/full/3755.png,3755.png
https://a.espncdn.com/combiner/i?img=/i/headshots/nhl/players/full/4294165.png,4294165.png
https://a.espncdn.com/combiner/i?img=/i/headshots/nhl/players/full/3508.png,3508.png
https://a.espncdn.com/combiner/i?img=/i/headshots/nhl/players/full/2563066.png,2563066.png
https://a.espncdn.com/combiner/i?img=/i/headshots/nhl/players/full/3886.png,3886.png
https://a.espncdn.com/combiner/i?img=/i/headshots/nhl/players/full/3904098.png,3904098.png
https://a.espncdn.com/combiner/i?img=/i/headshots/nhl/players/full/2562632.png,2562632.png
https://a.espncdn.com/combiner/i?img=/i/headshots/nhl/players/full/3899952.png,3899952.png
https://a.espncdn.com/combiner/i?img=/i/headshots/nhl/players/full/3114741.png,3114741.png
https://a.espncdn.com/combiner/i?img=/i/headshots/nhl/players/full/3096236.png,3096236.png
https://a.espncdn.com/combiner/i?img=/i/headshots/nhl/players/full/4024820.png,4024820.png
https://a.espncdn.com/combiner/i?img=/i/headshots/nhl/players/full/3961.png,3961.png
https://a.espncdn.com/combiner/i?img=/i/headshots/nhl/players/full/2562598.png,2562598.png
https://a.espncdn.com/combiner/i?img=/i/headshots/nhl/players/full/3070.png,3070.png
https://a.espncdn.com/combiner/i?img=/i/headshots/nhl/players/full/5246.png,5246.png
https://a.espncdn.com/combiner/i?img=/i/headshots/nhl/players/full/4294798.png,4294798.png
https://a.espncdn.com/combiner/i?img=/i/headshots/nhl/players/full/5328.png,5328.png
https://a.espncdn.com/combiner/i?img=/i/headshots/nhl/players/full/3042016.png,3042016.png
https://a.espncdn.com/combiner/i?img=/i/headshots/nhl/players/full/2562617.png,2562617.png
https://a.espncdn.com/combiner/i?img=/i/headshots/nhl/players/full/5052.png,5052.png
https://a.espncdn.com/combiner/i?img=/i/headshots/nhl/players/full/2976839.png,2976839.png
https://a.espncdn.com/combiner/i?img=/i/headshots/nhl/players/full/3026526.png,3026526.png
https://a.espncdn.com/combiner/i?img=/i/headshots/nhl/players/full/3042057.png,3042057.png
https://a.espncdn.com/combiner/i?img=/i/headshots/nhl/players/full/3020225.png,3020225.png
https://a.espncdn.com/combiner/i?img=/i/headshots/nhl/players/full/2310.png,2310.png
https://a.espncdn.com/combiner/i?img=/i/headshots/nhl/players/full/2525884.png,2525884.png
https://a.espncdn.com/combiner/i?img=/i/headshots/nhl/players/full/5074.png,5074.png
https://a.espncdn.com/combiner/i?img=/i/headshots/nhl/players/full/2175.png,2175.png
https://a.espncdn.com/combiner/i?img=/i/headshots/nhl/players/full/2562629.png,2562629.png
https://a.espncdn.com/combiner/i?img=/i/headshots/nhl/players/full/3069353.png,3069353.png
https://a.espncdn.com/combiner/i?img=/i/headshots/nhl/players/full/3114742.png,3114742.png
https://a.espncdn.com/combiner/i?img=/i/headshots/nhl/players/full/2590549.png,2590549.png
https://a.espncdn.com/combiner/i?img=/i/headshots/nhl/players/full/2273.png,2273.png
https://a.espncdn.com/combiner/i?img=/i/headshots/nhl/players/full/2501172.png,2501172.png
https://a.espncdn.com/combiner/i?img=/i/headshots/nhl/players/full/3904181.png,3904181.png
https://a.espncdn.com/combiner/i?img=/i/headshots/nhl/players/full/3942905.png,3942905.png
https://a.espncdn.com/combiner/i?img=/i/headshots/nhl/players/full/5495.png,5495.png
https://a.espncdn.com/combiner/i?img=/i/headshots/nhl/players/full/5507.png,5507.png
https://a.espncdn.com/combiner/i?img=/i/headshots/nhl/players/full/2968818.png,2968818.png
https://a.espncdn.com/combiner/i?img=/i/headshots/nhl/players/full/2590829.png,2590829.png
https://a.espncdn.com/combiner/i?img=/i/headshots/nhl/players/full/3020228.png,3020228.png
https://a.espncdn.com/combiner/i?img=/i/headshots/nhl/players/full/2590824.png,2590824.png
https://a.espncdn.com/combiner/i?img=/i/headshots/nhl/players/full/5178.png,5178.png
https://a.espncdn.com/combiner/i?img=/i/headshots/nhl/players/full/1549.png,1549.png
https://a.espncdn.com/combiner/i?img=/i/headshots/nhl/players/full/3202.png,3202.png
https://a.espncdn.com/combiner/i?img=/i/headshots/nhl/players/full/2563027.png,2563027.png
https://a.espncdn.com/combiner/i?img=/i/headshots/nhl/players/full/3115035.png,3115035.png
https://a.espncdn.com/combiner/i?img=/i/headshots/nhl/players/full/2966502.png,2966502.png
https://a.espncdn.com/combiner/i?img=/i/headshots/nhl/players/full/3069613.png,3069613.png
https://a.espncdn.com/combiner/i?img=/i/headshots/nhl/players/full/4024857.png,4024857.png
https://a.espncdn.com/combiner/i?img=/i/headshots/nhl/players/full/3154.png,3154.png
https://a.espncdn.com/combiner/i?img=/i/headshots/nhl/players/full/3114770.png,3114770.png
https://a.espncdn.com/combiner/i?img=/i/headshots/nhl/players/full/5731.png,5731.png
https://a.espncdn.com/combiner/i?img=/i/headshots/nhl/players/full/3899951.png,3899951.png
https://a.espncdn.com/combiner/i?img=/i/headshots/nhl/players/full/2591154.png,2591154.png
https://a.espncdn.com/combiner/i?img=/i/headshots/nhl/players/full/3904170.png,3904170.png
https://a.espncdn.com/combiner/i?img=/i/headshots/nhl/players/full/3558.png,3558.png
https://a.espncdn.com/combiner/i?img=/i/headshots/nhl/players/full/4365.png,4365.png
https://a.espncdn.com/combiner/i?img=/i/headshots/nhl/players/full/5332.png,5332.png
https://a.espncdn.com/combiner/i?img=/i/headshots/nhl/players/full/4024950.png,4024950.png
https://a.espncdn.com/combiner/i?img=/i/headshots/nhl/players/full/5265.png,5265.png
https://a.espncdn.com/combiner/i?img=/i/headshots/nhl/players/full/5125.png,5125.png
https://a.espncdn.com/combiner/i?img=/i/headshots/nhl/players/full/5488.png,5488.png
https://a.espncdn.com/combiner/i?img=/i/headshots/nhl/players/full/3757.png,3757.png
https://a.espncdn.com/combiner/i?img=/i/headshots/nhl/players/full/3697.png,3697.png
https://a.espncdn.com/combiner/i?img=/i/headshots/nhl/players/full/4342107.png,4342107.png
https://a.espncdn.com/combiner/i?img=/i/headshots/nhl/players/full/3097115.png,3097115.png
https://a.espncdn.com/combiner/i?img=/i/headshots/nhl/players/full/2610321.png,2610321.png
https://a.espncdn.com/combiner/i?img=/i/headshots/nhl/players/full/5524.png,5524.png
https://a.espncdn.com/combiner/i?img=/i/headshots/nhl/players/full/3037703.png,3037703.png
https://a.espncdn.com/combiner/i?img=/i/headshots/nhl/players/full/3797.png,3797.png
https://a.espncdn.com/combiner/i?img=/i/headshots/nhl/players/full/3114732.png,3114732.png
https://a.espncdn.com/combiner/i?img=/i/headshots/nhl/players/full/3024816.png,3024816.png
https://a.espncdn.com/combiner/i?img=/i/headshots/nhl/players/full/4063268.png,4063268.png
https://a.espncdn.com/combiner/i?img=/i/headshots/nhl/players/full/2976849.png,2976849.png
https://a.espncdn.com/combiner/i?img=/i/headshots/nhl/players/full/3041994.png,3041994.png
https://a.espncdn.com/combiner/i?img=/i/headshots/nhl/players/full/3041996.png,3041996.png
https://a.espncdn.com/combiner/i?img=/i/headshots/nhl/players/full/2563088.png,2563088.png
https://a.espncdn.com/combiner/i?img=/i/headshots/nhl/players/full/3902133.png,3902133.png
https://a.espncdn.com/combiner/i?img=/i/headshots/nhl/players/full/2563039.png,2563039.png
https://a.espncdn.com/combiner/i?img=/i/headshots/nhl/players/full/3227.png,3227.png
https://a.espncdn.com/combiner/i?img=/i/headshots/nhl/players/full/4024854.png,4024854.png
https://a.espncdn.com/combiner/i?img=/i/headshots/nhl/players/full/3802.png,3802.png
https://a.espncdn.com/combiner/i?img=/i/headshots/nhl/players/full/3149633.png,3149633.png
https://a.espncdn.com/combiner/i?img=/i/headshots/nhl/players/full/3042023.png,3042023.png
https://a.espncdn.com/combiner/i?img=/i/headshots/nhl/players/full/3904186.png,3904186.png
https://a.espncdn.com/combiner/i?img=/i/headshots/nhl/players/full/5162.png,5162.png
https://a.espncdn.com/combiner/i?img=/i/headshots/nhl/players/full/4217973.png,4217973.png
https://a.espncdn.com/combiner/i?img=/i/headshots/nhl/players/full/3006.png,3006.png
https://a.espncdn.com/combiner/i?img=/i/headshots/nhl/players/full/5073.png,5073.png
https://a.espncdn.com/combiner/i?img=/i/headshots/nhl/players/full/3652964.png,3652964.png
https://a.espncdn.com/combiner/i?img=/i/headshots/nhl/players/full/4350069.png,4350069.png
https://a.espncdn.com/combiner/i?img=/i/headshots/nhl/players/full/5528.png,5528.png
https://a.espncdn.com/combiner/i?img=/i/headshots/nhl/players/full/5148.png,5148.png
https://a.espncdn.com/combiner/i?img=/i/headshots/nhl/players/full/4233611.png,4233611.png
https://a.espncdn.com/combiner/i?img=/i/headshots/nhl/players/full/3068664.png,3068664.png
https://a.espncdn.com/combiner/i?img=/i/headshots/nhl/players/full/4063288.png,4063288.png
https://a.espncdn.com/combiner/i?img=/i/headshots/nhl/players/full/1971.png,1971.png
https://a.espncdn.com/combiner/i?img=/i/headshots/nhl/players/full/2478.png,2478.png
https://a.espncdn.com/combiner/i?img=/i/headshots/nhl/players/full/3069528.png,3069528.png
https://a.espncdn.com/combiner/i?img=/i/headshots/nhl/players/full/3114727.png,3114727.png
https://a.espncdn.com/combiner/i?img=/i/headshots/nhl/players/full/3808.png,3808.png
https://a.espncdn.com/combiner/i?img=/i/headshots/nhl/players/full/2304641.png,2304641.png
https://a.espncdn.com/combiner/i?img=/i/headshots/nhl/players/full/3895074.png,3895074.png
https://a.espncdn.com/combiner/i?img=/i/headshots/nhl/players/full/2562624.png,2562624.png
https://a.espncdn.com/combiner/i?img=/i/headshots/nhl/players/full/2564163.png,2564163.png
https://a.espncdn.com/combiner/i?img=/i/headshots/nhl/players/full/3068670.png,3068670.png
https://a.espncdn.com/combiner/i?img=/i/headshots/nhl/players/full/3780.png,3780.png
https://a.espncdn.com/combiner/i?img=/i/headshots/nhl/players/full/2590705.png,2590705.png
https://a.espncdn.com/combiner/i?img=/i/headshots/nhl/players/full/5194.png,5194.png
https://a.espncdn.com/combiner/i?img=/i/headshots/nhl/players/full/4024839.png,4024839.png
https://a.espncdn.com/combiner/i?img=/i/headshots/nhl/players/full/2563082.png,2563082.png
https://a.espncdn.com/combiner/i?img=/i/headshots/nhl/players/full/3069449.png,3069449.png
https://a.espncdn.com/combiner/i?img=/i/headshots/nhl/players/full/4392295.png,4392295.png
https://a.espncdn.com/combiner/i?img=/i/headshots/nhl/players/full/3025602.png,3025602.png
https://a.espncdn.com/combiner/i?img=/i/headshots/nhl/players/full/2562608.png,2562608.png
https://a.espncdn.com/combiner/i?img=/i/headshots/nhl/players/full/2562610.png,2562610.png
https://a.espncdn.com/combiner/i?img=/i/headshots/nhl/players/full/3041997.png,3041997.png
https://a.espncdn.com/combiner/i?img=/i/headshots/nhl/players/full/5620.png,5620.png
https://a.espncdn.com/combiner/i?img=/i/headshots/nhl/players/full/3425.png,3425.png
https://a.espncdn.com/combiner/i?img=/i/headshots/nhl/players/full/3452.png,3452.png
https://a.espncdn.com/combiner/i?img=/i/headshots/nhl/players/full/5268.png,5268.png
https://a.espncdn.com/combiner/i?img=/i/headshots/nhl/players/full/3067313.png,3067313.png
https://a.espncdn.com/combiner/i?img=/i/headshots/nhl/players/full/3025614.png,3025614.png
https://a.espncdn.com/combiner/i?img=/i/headshots/nhl/players/full/2383.png,2383.png
https://a.espncdn.com/combiner/i?img=/i/headshots/nhl/players/full/3652598.png,3652598.png
https://a.espncdn.com/combiner/i?img=/i/headshots/nhl/players/full/3183.png,3183.png
https://a.espncdn.com/combiner/i?img=/i/headshots/nhl/players/full/3454.png,3454.png
https://a.espncdn.com/combiner/i?img=/i/headshots/nhl/players/full/5190.png,5190.png
https://a.espncdn.com/combiner/i?img=/i/headshots/nhl/players/full/1175.png,1175.png
https://a.espncdn.com/combiner/i?img=/i/headshots/nhl/players/full/3067485.png,3067485.png
https://a.espncdn.com/combiner/i?img=/i/headshots/nhl/players/full/3942922.png,3942922.png
https://a.espncdn.com/combiner/i?img=/i/headshots/nhl/players/full/2288.png,2288.png
https://a.espncdn.com/combiner/i?img=/i/headshots/nhl/players/full/3114802.png,3114802.png
https://a.espncdn.com/combiner/i?img=/i/headshots/nhl/players/full/5550.png,5550.png
https://a.espncdn.com/combiner/i?img=/i/headshots/nhl/players/full/3995.png,3995.png
https://a.espncdn.com/combiner/i?img=/i/headshots/nhl/players/full/5829.png,5829.png
https://a.espncdn.com/combiner/i?img=/i/headshots/nhl/players/full/3069360.png,3069360.png
https://a.espncdn.com/combiner/i?img=/i/headshots/nhl/players/full/3927.png,3927.png
https://a.espncdn.com/combiner/i?img=/i/headshots/nhl/players/full/2282.png,2282.png
https://a.espncdn.com/combiner/i?img=/i/headshots/nhl/players/full/5473.png,5473.png
https://a.espncdn.com/combiner/i?img=/i/headshots/nhl/players/full/3634.png,3634.png
https://a.espncdn.com/combiner/i?img=/i/headshots/nhl/players/full/3773.png,3773.png
https://a.espncdn.com/combiner/i?img=/i/headshots/nhl/players/full/3988778.png,3988778.png
https://a.espncdn.com/combiner/i?img=/i/headshots/nhl/players/full/5086.png,5086.png
https://a.espncdn.com/combiner/i?img=/i/headshots/nhl/players/full/2976844.png,2976844.png
https://a.espncdn.com/combiner/i?img=/i/headshots/nhl/players/full/5823.png,5823.png
https://a.espncdn.com/combiner/i?img=/i/headshots/nhl/players/full/3451.png,3451.png
https://a.espncdn.com/combiner/i?img=/i/headshots/nhl/players/full/4348823.png,4348823.png
https://a.espncdn.com/combiner/i?img=/i/headshots/nhl/players/full/939.png,939.png
https://a.espncdn.com/combiner/i?img=/i/headshots/nhl/players/full/3069411.png,3069411.png
https://a.espncdn.com/combiner/i?img=/i/headshots/nhl/players/full/5251.png,5251.png
https://a.espncdn.com/combiner/i?img=/i/headshots/nhl/players/full/4294205.png,4294205.png
https://a.espncdn.com/combiner/i?img=/i/headshots/nhl/players/full/2590379.png,2590379.png
https://a.espncdn.com/combiner/i?img=/i/headshots/nhl/players/full/3109556.png,3109556.png
https://a.espncdn.com/combiner/i?img=/i/headshots/nhl/players/full/3151792.png,3151792.png
https://a.espncdn.com/combiner/i?img=/i/headshots/nhl/players/full/3899978.png,3899978.png
https://a.espncdn.com/combiner/i?img=/i/headshots/nhl/players/full/4063462.png,4063462.png
https://a.espncdn.com/combiner/i?img=/i/headshots/nhl/players/full/5470.png,5470.png
https://a.espncdn.com/combiner/i?img=/i/headshots/nhl/players/full/2300.png,2300.png
https://a.espncdn.com/combiner/i?img=/i/headshots/nhl/players/full/2554903.png,2554903.png
https://a.espncdn.com/combiner/i?img=/i/headshots/nhl/players/full/2590825.png,2590825.png
https://a.espncdn.com/combiner/i?img=/i/headshots/nhl/players/full/5164.png,5164.png
https://a.espncdn.com/combiner/i?img=/i/headshots/nhl/players/full/3069521.png,3069521.png
https://a.espncdn.com/combiner/i?img=/i/headshots/nhl/players/full/4226783.png,4226783.png
https://a.espncdn.com/combiner/i?img=/i/headshots/nhl/players/full/3371.png,3371.png
https://a.espncdn.com/combiner/i?img=/i/headshots/nhl/players/full/2501176.png,2501176.png
https://a.espncdn.com/combiner/i?img=/i/headshots/nhl/players/full/5096.png,5096.png
https://a.espncdn.com/combiner/i?img=/i/headshots/nhl/players/full/3879.png,3879.png
https://a.espncdn.com/combiner/i?img=/i/headshots/nhl/players/full/3942868.png,3942868.png
https://a.espncdn.com/combiner/i?img=/i/headshots/nhl/players/full/2563042.png,2563042.png
https://a.espncdn.com/combiner/i?img=/i/headshots/nhl/players/full/3042002.png,3042002.png
https://a.espncdn.com/combiner/i?img=/i/headshots/nhl/players/full/3042138.png,3042138.png
https://a.espncdn.com/combiner/i?img=/i/headshots/nhl/players/full/4233566.png,4233566.png
https://a.espncdn.com/combiner/i?img=/i/headshots/nhl/players/full/5544.png,5544.png
https://a.espncdn.com/combiner/i?img=/i/headshots/nhl/players/full/3791.png,3791.png
https://a.espncdn.com/combiner/i?img=/i/headshots/nhl/players/full/2562597.png,2562597.png
https://a.espncdn.com/combiner/i?img=/i/headshots/nhl/players/full/3161.png,3161.png
https://a.espncdn.com/combiner/i?img=/i/headshots/nhl/players/full/2590559.png,2590559.png
https://a.espncdn.com/combiner/i?img=/i/headshots/nhl/players/full/2976860.png,2976860.png
https://a.espncdn.com/combiner/i?img=/i/headshots/nhl/players/full/2524606.png,2524606.png
https://a.espncdn.com/combiner/i?img=/i/headshots/nhl/players/full/3069290.png,3069290.png
https://a.espncdn.com/combiner/i?img=/i/headshots/nhl/players/full/3899979.png,3899979.png
https://a.espncdn.com/combiner/i?img=/i/headshots/nhl/players/full/3114786.png,3114786.png
https://a.espncdn.com/combiner/i?img=/i/headshots/nhl/players/full/3114734.png,3114734.png
https://a.espncdn.com/combiner/i?img=/i/headshots/nhl/players/full/5462.png,5462.png
https://a.espncdn.com/combiner/i?img=/i/headshots/nhl/players/full/3942866.png,3942866.png
https://a.espncdn.com/combiner/i?img=/i/headshots/nhl/players/full/3464.png,3464.png
https://a.espncdn.com/combiner/i?img=/i/headshots/nhl/players/full/3571762.png,3571762.png
https://a.espncdn.com/combiner/i?img=/i/headshots/nhl/players/full/2976834.png,2976834.png
https://a.espncdn.com/combiner/i?img=/i/headshots/nhl/players/full/5092.png,5092.png
https://a.espncdn.com/combiner/i?img=/i/headshots/nhl/players/full/3096102.png,3096102.png
https://a.espncdn.com/combiner/i?img=/i/headshots/nhl/players/full/5592.png,5592.png
https://a.espncdn.com/combiner/i?img=/i/headshots/nhl/players/full/3096217.png,3096217.png
https://a.espncdn.com/combiner/i?img=/i/headshots/nhl/players/full/5452.png,5452.png
https://a.espncdn.com/combiner/i?img=/i/headshots/nhl/players/full/3096605.png,3096605.png
https://a.espncdn.com/combiner/i?img=/i/headshots/nhl/players/full/5237.png,5237.png
https://a.espncdn.com/combiner/i?img=/i/headshots/nhl/players/full/2563057.png,2563057.png
https://a.espncdn.com/combiner/i?img=/i/headshots/nhl/players/full/2967072.png,2967072.png
https://a.espncdn.com/combiner/i?img=/i/headshots/nhl/players/full/3112266.png,3112266.png
https://a.espncdn.com/combiner/i?img=/i/headshots/nhl/players/full/5525.png,5525.png
https://a.espncdn.com/combiner/i?img=/i/headshots/nhl/players/full/3467.png,3467.png
https://a.espncdn.com/combiner/i?img=/i/headshots/nhl/players/full/3042054.png,3042054.png
https://a.espncdn.com/combiner/i?img=/i/headshots/nhl/players/full/2593311.png,2593311.png
https://a.espncdn.com/combiner/i?img=/i/headshots/nhl/players/full/4005.png,4005.png
https://a.espncdn.com/combiner/i?img=/i/headshots/nhl/players/full/3111908.png,3111908.png
https://a.espncdn.com/combiner/i?img=/i/headshots/nhl/players/full/3683.png,3683.png
https://a.espncdn.com/combiner/i?img=/i/headshots/nhl/players/full/2500990.png,2500990.png
https://a.espncdn.com/combiner/i?img=/i/headshots/nhl/players/full/5545.png,5545.png
https://a.espncdn.com/combiner/i?img=/i/headshots/nhl/players/full/3114766.png,3114766.png
https://a.espncdn.com/combiner/i?img=/i/headshots/nhl/players/full/3042001.png,3042001.png
https://a.espncdn.com/combiner/i?img=/i/headshots/nhl/players/full/2207.png,2207.png
https://a.espncdn.com/combiner/i?img=/i/headshots/nhl/players/full/3884.png,3884.png
https://a.espncdn.com/combiner/i?img=/i/headshots/nhl/players/full/5202.png,5202.png
https://a.espncdn.com/combiner/i?img=/i/headshots/nhl/players/full/3059403.png,3059403.png
https://a.espncdn.com/combiner/i?img=/i/headshots/nhl/players/full/2590796.png,2590796.png
https://a.espncdn.com/combiner/i?img=/i/headshots/nhl/players/full/3024798.png,3024798.png
https://a.espncdn.com/combiner/i?img=/i/headshots/nhl/players/full/3042055.png,3042055.png
https://a.espncdn.com/combiner/i?img=/i/headshots/nhl/players/full/2346.png,2346.png
https://a.espncdn.com/combiner/i?img=/i/headshots/nhl/players/full/2976852.png,2976852.png
https://a.espncdn.com/combiner/i?img=/i/headshots/nhl/players/full/3096237.png,3096237.png
https://a.espncdn.com/combiner/i?img=/i/headshots/nhl/players/full/3301.png,3301.png
https://a.espncdn.com/combiner/i?img=/i/headshots/nhl/players/full/2280.png,2280.png
https://a.espncdn.com/combiner/i?img=/i/headshots/nhl/players/full/2555315.png,2555315.png
https://a.espncdn.com/combiner/i?img=/i/headshots/nhl/players/full/3042137.png,3042137.png
https://a.espncdn.com/combiner/i?img=/i/headshots/nhl/players/full/3151741.png,3151741.png
https://a.espncdn.com/combiner/i?img=/i/headshots/nhl/players/full/5714.png,5714.png
https://a.espncdn.com/combiner/i?img=/i/headshots/nhl/players/full/3343.png,3343.png
https://a.espncdn.com/combiner/i?img=/i/headshots/nhl/players/full/2564154.png,2564154.png
https://a.espncdn.com/combiner/i?img=/i/headshots/nhl/players/full/5756.png,5756.png
https://a.espncdn.com/combiner/i?img=/i/headshots/nhl/players/full/4233888.png,4233888.png
https://a.espncdn.com/combiner/i?img=/i/headshots/nhl/players/full/3900240.png,3900240.png
https://a.espncdn.com/combiner/i?img=/i/headshots/nhl/players/full/3852.png,3852.png
https://a.espncdn.com/combiner/i?img=/i/headshots/nhl/players/full/3114778.png,3114778.png
https://a.espncdn.com/combiner/i?img=/i/headshots/nhl/players/full/3652602.png,3652602.png
https://a.espncdn.com/combiner/i?img=/i/headshots/nhl/players/full/2590833.png,2590833.png
https://a.espncdn.com/combiner/i?img=/i/headshots/nhl/players/full/3904175.png,3904175.png
https://a.espncdn.com/combiner/i?img=/i/headshots/nhl/players/full/145.png,145.png
https://a.espncdn.com/combiner/i?img=/i/headshots/nhl/players/full/3042191.png,3042191.png
https://a.espncdn.com/combiner/i?img=/i/headshots/nhl/players/full/3069448.png,3069448.png
https://a.espncdn.com/combiner/i?img=/i/headshots/nhl/players/full/4911.png,4911.png
https://a.espncdn.com/combiner/i?img=/i/headshots/nhl/players/full/2952729.png,2952729.png
https://a.espncdn.com/combiner/i?img=/i/headshots/nhl/players/full/3988803.png,3988803.png
https://a.espncdn.com/combiner/i?img=/i/headshots/nhl/players/full/2956552.png,2956552.png
https://a.espncdn.com/combiner/i?img=/i/headshots/nhl/players/full/5204.png,5204.png
https://a.espncdn.com/combiner/i?img=/i/headshots/nhl/players/full/3116.png,3116.png
https://a.espncdn.com/combiner/i?img=/i/headshots/nhl/players/full/3648020.png,3648020.png
https://a.espncdn.com/combiner/i?img=/i/headshots/nhl/players/full/3405.png,3405.png
https://a.espncdn.com/combiner/i?img=/i/headshots/nhl/players/full/3648002.png,3648002.png
https://a.espncdn.com/combiner/i?img=/i/headshots/nhl/players/full/2968829.png,2968829.png
https://a.espncdn.com/combiner/i?img=/i/headshots/nhl/players/full/4233575.png,4233575.png
https://a.espncdn.com/combiner/i?img=/i/headshots/nhl/players/full/3114722.png,3114722.png
https://a.espncdn.com/combiner/i?img=/i/headshots/nhl/players/full/3714.png,3714.png
https://a.espncdn.com/combiner/i?img=/i/headshots/nhl/players/full/2591166.png,2591166.png
https://a.espncdn.com/combiner/i?img=/i/headshots/nhl/players/full/2593312.png,2593312.png
https://a.espncdn.com/combiner/i?img=/i/headshots/nhl/players/full/3149827.png,3149827.png
https://a.espncdn.com/combiner/i?img=/i/headshots/nhl/players/full/5540.png,5540.png
https://a.espncdn.com/combiner/i?img=/i/headshots/nhl/players/full/3859.png,3859.png
https://a.espncdn.com/combiner/i?img=/i/headshots/nhl/players/full/3151096.png,3151096.png
https://a.espncdn.com/combiner/i?img=/i/headshots/nhl/players/full/1531.png,1531.png
https://a.espncdn.com/combiner/i?img=/i/headshots/nhl/players/full/3648008.png,3648008.png
https://a.espncdn.com/combiner/i?img=/i/headshots/nhl/players/full/4002.png,4002.png
https://a.espncdn.com/combiner/i?img=/i/headshots/nhl/players/full/4294163.png,4294163.png
https://a.espncdn.com/combiner/i?img=/i/headshots/nhl/players/full/3736.png,3736.png
https://a.espncdn.com/combiner/i?img=/i/headshots/nhl/players/full/3020803.png,3020803.png
https://a.espncdn.com/combiner/i?img=/i/headshots/nhl/players/full/3115032.png,3115032.png
https://a.espncdn.com/combiner/i?img=/i/headshots/nhl/players/full/3096177.png,3096177.png
https://a.espncdn.com/combiner/i?img=/i/headshots/nhl/players/full/3041999.png,3041999.png
https://a.espncdn.com/combiner/i?img=/i/headshots/nhl/players/full/5218.png,5218.png
https://a.espncdn.com/combiner/i?img=/i/headshots/nhl/players/full/5420.png,5420.png
https://a.espncdn.com/combiner/i?img=/i/headshots/nhl/players/full/3069285.png,3069285.png
https://a.espncdn.com/combiner/i?img=/i/headshots/nhl/players/full/3068035.png,3068035.png
https://a.espncdn.com/combiner/i?img=/i/headshots/nhl/players/full/2335062.png,2335062.png
https://a.espncdn.com/combiner/i?img=/i/headshots/nhl/players/full/3521.png,3521.png
https://a.espncdn.com/combiner/i?img=/i/headshots/nhl/players/full/3114755.png,3114755.png
https://a.espncdn.com/combiner/i?img=/i/headshots/nhl/players/full/3367.png,3367.png
https://a.espncdn.com/combiner/i?img=/i/headshots/nhl/players/full/4233576.png,4233576.png
https://a.espncdn.com/combiner/i?img=/i/headshots/nhl/players/full/3898.png,3898.png
https://a.espncdn.com/combiner/i?img=/i/headshots/nhl/players/full/3042056.png,3042056.png
https://a.espncdn.com/combiner/i?img=/i/headshots/nhl/players/full/3041993.png,3041993.png
https://a.espncdn.com/combiner/i?img=/i/headshots/nhl/players/full/2562628.png,2562628.png
https://a.espncdn.com/combiner/i?img=/i/headshots/nhl/players/full/3045.png,3045.png
https://a.espncdn.com/combiner/i?img=/i/headshots/nhl/players/full/3068036.png,3068036.png
https://a.espncdn.com/combiner/i?img=/i/headshots/nhl/players/full/3042037.png,3042037.png
https://a.espncdn.com/combiner/i?img=/i/headshots/nhl/players/full/3042045.png,3042045.png
https://a.espncdn.com/combiner/i?img=/i/headshots/nhl/players/full/1978.png,1978.png
https://a.espncdn.com/combiner/i?img=/i/headshots/nhl/players/full/3025991.png,3025991.png
https://a.espncdn.com/combiner/i?img=/i/headshots/nhl/players/full/3355.png,3355.png
https://a.espncdn.com/combiner/i?img=/i/headshots/nhl/players/full/2127.png,2127.png
https://a.espncdn.com/combiner/i?img=/i/headshots/nhl/players/full/5834.png,5834.png
https://a.espncdn.com/combiner/i?img=/i/headshots/nhl/players/full/3026225.png,3026225.png
https://a.espncdn.com/combiner/i?img=/i/headshots/nhl/players/full/3533.png,3533.png
https://a.espncdn.com/combiner/i?img=/i/headshots/nhl/players/full/3170.png,3170.png
https://a.espncdn.com/combiner/i?img=/i/headshots/nhl/players/full/3041970.png,3041970.png
https://a.espncdn.com/combiner/i?img=/i/headshots/nhl/players/full/4024977.png,4024977.png
https://a.espncdn.com/combiner/i?img=/i/headshots/nhl/players/full/2562606.png,2562606.png
https://a.espncdn.com/combiner/i?img=/i/headshots/nhl/players/full/1446.png,1446.png
https://a.espncdn.com/combiner/i?img=/i/headshots/nhl/players/full/3942715.png,3942715.png
https://a.espncdn.com/combiner/i?img=/i/headshots/nhl/players/full/4985.png,4985.png
https://a.espncdn.com/combiner/i?img=/i/headshots/nhl/players/full/5836.png,5836.png
https://a.espncdn.com/combiner/i?img=/i/headshots/nhl/players/full/2563036.png,2563036.png
https://a.espncdn.com/combiner/i?img=/i/headshots/nhl/players/full/3527554.png,3527554.png
https://a.espncdn.com/combiner/i?img=/i/headshots/nhl/players/full/5103.png,5103.png
https://a.espncdn.com/combiner/i?img=/i/headshots/nhl/players/full/3652.png,3652.png
https://a.espncdn.com/combiner/i?img=/i/headshots/nhl/players/full/3394.png,3394.png
https://a.espncdn.com/combiner/i?img=/i/headshots/nhl/players/full/4969.png,4969.png
https://a.espncdn.com/combiner/i?img=/i/headshots/nhl/players/full/3114717.png,3114717.png
https://a.espncdn.com/combiner/i?img=/i/headshots/nhl/players/full/2976851.png,2976851.png
https://a.espncdn.com/combiner/i?img=/i/headshots/nhl/players/full/3041989.png,3041989.png
https://a.espncdn.com/combiner/i?img=/i/headshots/nhl/players/full/5824.png,5824.png
https://a.espncdn.com/combiner/i?img=/i/headshots/nhl/players/full/3042269.png,3042269.png
https://a.espncdn.com/combiner/i?img=/i/headshots/nhl/players/full/3330.png,3330.png
https://a.espncdn.com/combiner/i?img=/i/headshots/nhl/players/full/551.png,551.png
https://a.espncdn.com/combiner/i?img=/i/headshots/nhl/players/full/3870.png,3870.png
https://a.espncdn.com/combiner/i?img=/i/headshots/nhl/players/full/4568.png,4568.png
https://a.espncdn.com/combiner/i?img=/i/headshots/nhl/players/full/2562602.png,2562602.png
https://a.espncdn.com/combiner/i?img=/i/headshots/nhl/players/full/3042014.png,3042014.png
https://a.espncdn.com/combiner/i?img=/i/headshots/nhl/players/full/3041971.png,3041971.png
https://a.espncdn.com/combiner/i?img=/i/headshots/nhl/players/full/4352692.png,4352692.png
https://a.espncdn.com/combiner/i?img=/i/headshots/nhl/players/full/3024646.png,3024646.png
https://a.espncdn.com/combiner/i?img=/i/headshots/nhl/players/full/2564334.png,2564334.png
https://a.espncdn.com/combiner/i?img=/i/headshots/nhl/players/full/2688.png,2688.png
https://a.espncdn.com/combiner/i?img=/i/headshots/nhl/players/full/4391257.png,4391257.png
https://a.espncdn.com/combiner/i?img=/i/headshots/nhl/players/full/5557.png,5557.png
https://a.espncdn.com/combiner/i?img=/i/headshots/nhl/players/full/5193.png,5193.png
https://a.espncdn.com/combiner/i?img=/i/headshots/nhl/players/full/3031654.png,3031654.png
https://a.espncdn.com/combiner/i?img=/i/headshots/nhl/players/full/3042050.png,3042050.png
https://a.espncdn.com/combiner/i?img=/i/headshots/nhl/players/full/5227.png,5227.png
https://a.espncdn.com/combiner/i?img=/i/headshots/nhl/players/full/2562596.png,2562596.png
https://a.espncdn.com/combiner/i?img=/i/headshots/nhl/players/full/5614.png,5614.png
https://a.espncdn.com/combiner/i?img=/i/headshots/nhl/players/full/5067.png,5067.png
https://a.espncdn.com/combiner/i?img=/i/headshots/nhl/players/full/5461.png,5461.png
https://a.espncdn.com/combiner/i?img=/i/headshots/nhl/players/full/3024855.png,3024855.png
https://a.espncdn.com/combiner/i?img=/i/headshots/nhl/players/full/3068665.png,3068665.png
https://a.espncdn.com/combiner/i?img=/i/headshots/nhl/players/full/4081035.png,4081035.png
https://a.espncdn.com/combiner/i?img=/i/headshots/nhl/players/full/3042031.png,3042031.png
https://a.espncdn.com/combiner/i?img=/i/headshots/nhl/players/full/5407.png,5407.png
https://a.espncdn.com/combiner/i?img=/i/headshots/nhl/players/full/3024796.png,3024796.png
https://a.espncdn.com/combiner/i?img=/i/headshots/nhl/players/full/2278.png,2278.png
https://a.espncdn.com/combiner/i?img=/i/headshots/nhl/players/full/3095975.png,3095975.png
https://a.espncdn.com/combiner/i?img=/i/headshots/nhl/players/full/3937.png,3937.png
https://a.espncdn.com/combiner/i?img=/i/headshots/nhl/players/full/3231.png,3231.png
https://a.espncdn.com/combiner/i?img=/i/headshots/nhl/players/full/2304504.png,2304504.png
https://a.espncdn.com/combiner/i?img=/i/headshots/nhl/players/full/2590850.png,2590850.png
https://a.espncdn.com/combiner/i?img=/i/headshots/nhl/players/full/2593131.png,2593131.png
https://a.espncdn.com/combiner/i?img=/i/headshots/nhl/players/full/5025.png,5025.png
https://a.espncdn.com/combiner/i?img=/i/headshots/nhl/players/full/3067870.png,3067870.png
https://a.espncdn.com/combiner/i?img=/i/headshots/nhl/players/full/3900259.png,3900259.png
https://a.espncdn.com/combiner/i?img=/i/headshots/nhl/players/full/3976.png,3976.png
https://a.espncdn.com/combiner/i?img=/i/headshots/nhl/players/full/3042086.png,3042086.png
https://a.espncdn.com/combiner/i?img=/i/headshots/nhl/players/full/5409.png,5409.png
https://a.espncdn.com/combiner/i?img=/i/headshots/nhl/players/full/4319858.png,4319858.png
https://a.espncdn.com/combiner/i?img=/i/headshots/nhl/players/full/3264.png,3264.png
https://a.espncdn.com/combiner/i?img=/i/headshots/nhl/players/full/2555470.png,2555470.png
https://a.espncdn.com/combiner/i?img=/i/headshots/nhl/players/full/2976843.png,2976843.png
https://a.espncdn.com/combiner/i?img=/i/headshots/nhl/players/full/3900219.png,3900219.png
https://a.espncdn.com/combiner/i?img=/i/headshots/nhl/players/full/2590861.png,2590861.png
https://a.espncdn.com/combiner/i?img=/i/headshots/nhl/players/full/3042120.png,3042120.png
https://a.espncdn.com/combiner/i?img=/i/headshots/nhl/players/full/3942086.png,3942086.png
https://a.espncdn.com/combiner/i?img=/i/headshots/nhl/players/full/1929.png,1929.png
https://a.espncdn.com/combiner/i?img=/i/headshots/nhl/players/full/5514.png,5514.png
https://a.espncdn.com/combiner/i?img=/i/headshots/nhl/players/full/3941973.png,3941973.png
https://a.espncdn.com/combiner/i?img=/i/headshots/nhl/players/full/5706.png,5706.png
https://a.espncdn.com/combiner/i?img=/i/headshots/nhl/players/full/4968.png,4968.png
https://a.espncdn.com/combiner/i?img=/i/headshots/nhl/players/full/2590852.png,2590852.png
https://a.espncdn.com/combiner/i?img=/i/headshots/nhl/players/full/3067906.png,3067906.png
https://a.espncdn.com/combiner/i?img=/i/headshots/nhl/players/full/3151187.png,3151187.png
https://a.espncdn.com/combiner/i?img=/i/headshots/nhl/players/full/5037.png,5037.png
https://a.espncdn.com/combiner/i?img=/i/headshots/nhl/players/full/3041991.png,3041991.png
https://a.espncdn.com/combiner/i?img=/i/headshots/nhl/players/full/3094261.png,3094261.png
https://a.espncdn.com/combiner/i?img=/i/headshots/nhl/players/full/2590389.png,2590389.png
https://a.espncdn.com/combiner/i?img=/i/headshots/nhl/players/full/3331.png,3331.png
https://a.espncdn.com/combiner/i?img=/i/headshots/nhl/players/full/2563060.png,2563060.png
https://a.espncdn.com/combiner/i?img=/i/headshots/nhl/players/full/2410.png,2410.png
https://a.espncdn.com/combiner/i?img=/i/headshots/nhl/players/full/5131.png,5131.png
https://a.espncdn.com/combiner/i?img=/i/headshots/nhl/players/full/3423.png,3423.png
https://a.espncdn.com/combiner/i?img=/i/headshots/nhl/players/full/5157.png,5157.png
https://a.espncdn.com/combiner/i?img=/i/headshots/nhl/players/full/4954.png,4954.png
https://a.espncdn.com/combiner/i?img=/i/headshots/nhl/players/full/4230583.png,4230583.png
https://a.espncdn.com/combiner/i?img=/i/headshots/nhl/players/full/4024868.png,4024868.png
https://a.espncdn.com/combiner/i?img=/i/headshots/nhl/players/full/3668.png,3668.png
https://a.espncdn.com/combiner/i?img=/i/headshots/nhl/players/full/2560083.png,2560083.png
https://a.espncdn.com/combiner/i?img=/i/headshots/nhl/players/full/2976847.png,2976847.png
https://a.espncdn.com/combiner/i?img=/i/headshots/nhl/players/full/3042039.png,3042039.png
https://a.espncdn.com/combiner/i?img=/i/headshots/nhl/players/full/5509.png,5509.png
https://a.espncdn.com/combiner/i?img=/i/headshots/nhl/players/full/5349.png,5349.png
https://a.espncdn.com/combiner/i?img=/i/headshots/nhl/players/full/576.png,576.png
https://a.espncdn.com/combiner/i?img=/i/headshots/nhl/players/full/3899937.png,3899937.png
https://a.espncdn.com/combiner/i?img=/i/headshots/nhl/players/full/4024123.png,4024123.png
https://a.espncdn.com/combiner/i?img=/i/headshots/nhl/players/full/3042018.png,3042018.png
https://a.espncdn.com/combiner/i?img=/i/headshots/nhl/players/full/5160.png,5160.png
https://a.espncdn.com/combiner/i?img=/i/headshots/nhl/players/full/5069.png,5069.png
https://a.espncdn.com/combiner/i?img=/i/headshots/nhl/players/full/3042262.png,3042262.png
https://a.espncdn.com/combiner/i?img=/i/headshots/nhl/players/full/3067951.png,3067951.png
https://a.espncdn.com/combiner/i?img=/i/headshots/nhl/players/full/3114775.png,3114775.png
https://a.espncdn.com/combiner/i?img=/i/headshots/nhl/players/full/3114736.png,3114736.png
https://a.espncdn.com/combiner/i?img=/i/headshots/nhl/players/full/3904172.png,3904172.png
https://a.espncdn.com/combiner/i?img=/i/headshots/nhl/players/full/5830.png,5830.png
https://a.espncdn.com/combiner/i?img=/i/headshots/nhl/players/full/2722.png,2722.png
https://a.espncdn.com/combiner/i?img=/i/headshots/nhl/players/full/5763.png,5763.png
https://a.espncdn.com/combiner/i?img=/i/headshots/nhl/players/full/5451.png,5451.png
https://a.espncdn.com/combiner/i?img=/i/headshots/nhl/players/full/4906.png,4906.png
https://a.espncdn.com/combiner/i?img=/i/headshots/nhl/players/full/4340228.png,4340228.png
https://a.espncdn.com/combiner/i?img=/i/headshots/nhl/players/full/2976833.png,2976833.png
https://a.espncdn.com/combiner/i?img=/i/headshots/nhl/players/full/4220707.png,4220707.png
https://a.espncdn.com/combiner/i?img=/i/headshots/nhl/players/full/4010739.png,4010739.png
https://a.espncdn.com/combiner/i?img=/i/headshots/nhl/players/full/2517899.png,2517899.png
https://a.espncdn.com/combiner/i?img=/i/headshots/nhl/players/full/5133.png,5133.png
https://a.espncdn.com/combiner/i?img=/i/headshots/nhl/players/full/2590569.png,2590569.png
https://a.espncdn.com/combiner/i?img=/i/headshots/nhl/players/full/3965273.png,3965273.png
https://a.espncdn.com/combiner/i?img=/i/headshots/nhl/players/full/3541.png,3541.png
https://a.espncdn.com/combiner/i?img=/i/headshots/nhl/players/full/3151037.png,3151037.png
https://a.espncdn.com/combiner/i?img=/i/headshots/nhl/players/full/3904173.png,3904173.png
https://a.espncdn.com/combiner/i?img=/i/headshots/nhl/players/full/5579.png,5579.png
https://a.espncdn.com/combiner/i?img=/i/headshots/nhl/players/full/3151036.png,3151036.png
https://a.espncdn.com/combiner/i?img=/i/headshots/nhl/players/full/2989376.png,2989376.png
https://a.espncdn.com/combiner/i?img=/i/headshots/nhl/players/full/3067868.png,3067868.png
https://a.espncdn.com/combiner/i?img=/i/headshots/nhl/players/full/2592095.png,2592095.png
https://a.espncdn.com/combiner/i?img=/i/headshots/nhl/players/full/5511.png,5511.png
https://a.espncdn.com/combiner/i?img=/i/headshots/nhl/players/full/4352683.png,4352683.png
https://a.espncdn.com/combiner/i?img=/i/headshots/nhl/players/full/1023.png,1023.png
https://a.espncdn.com/combiner/i?img=/i/headshots/nhl/players/full/4024916.png,4024916.png
https://a.espncdn.com/combiner/i?img=/i/headshots/nhl/players/full/5746.png,5746.png
https://a.espncdn.com/combiner/i?img=/i/headshots/nhl/players/full/3114735.png,3114735.png
https://a.espncdn.com/combiner/i?img=/i/headshots/nhl/players/full/2562605.png,2562605.png
https://a.espncdn.com/combiner/i?img=/i/headshots/nhl/players/full/3025535.png,3025535.png
https://a.espncdn.com/combiner/i?img=/i/headshots/nhl/players/full/3069836.png,3069836.png
https://a.espncdn.com/combiner/i?img=/i/headshots/nhl/players/full/5266.png,5266.png
https://a.espncdn.com/combiner/i?img=/i/headshots/nhl/players/full/3025524.png,3025524.png
https://a.espncdn.com/combiner/i?img=/i/headshots/nhl/players/full/3187.png,3187.png
https://a.espncdn.com/combiner/i?img=/i/headshots/nhl/players/full/5619.png,5619.png
https://a.espncdn.com/combiner/i?img=/i/headshots/nhl/players/full/3323.png,3323.png
https://a.espncdn.com/combiner/i?img=/i/headshots/nhl/players/full/4024833.png,4024833.png
https://a.espncdn.com/combiner/i?img=/i/headshots/nhl/players/full/5161.png,5161.png
https://a.espncdn.com/combiner/i?img=/i/headshots/nhl/players/full/2563054.png,2563054.png
https://a.espncdn.com/combiner/i?img=/i/headshots/nhl/players/full/5005.png,5005.png
https://a.espncdn.com/combiner/i?img=/i/headshots/nhl/players/full/2590273.png,2590273.png
https://a.espncdn.com/combiner/i?img=/i/headshots/nhl/players/full/3042017.png,3042017.png
https://a.espncdn.com/combiner/i?img=/i/headshots/nhl/players/full/3070196.png,3070196.png
https://a.espncdn.com/combiner/i?img=/i/headshots/nhl/players/full/3535.png,3535.png
https://a.espncdn.com/combiner/i?img=/i/headshots/nhl/players/full/2592084.png,2592084.png
https://a.espncdn.com/combiner/i?img=/i/headshots/nhl/players/full/3891952.png,3891952.png
https://a.espncdn.com/combiner/i?img=/i/headshots/nhl/players/full/4319879.png,4319879.png
https://a.espncdn.com/combiner/i?img=/i/headshots/nhl/players/full/3069687.png,3069687.png
https://a.espncdn.com/combiner/i?img=/i/headshots/nhl/players/full/2501107.png,2501107.png
https://a.espncdn.com/combiner/i?img=/i/headshots/nhl/players/full/3042095.png,3042095.png
https://a.espncdn.com/combiner/i?img=/i/headshots/nhl/players/full/2563024.png,2563024.png
https://a.espncdn.com/combiner/i?img=/i/headshots/nhl/players/full/2563045.png,2563045.png
https://a.espncdn.com/combiner/i?img=/i/headshots/nhl/players/full/3041992.png,3041992.png
https://a.espncdn.com/combiner/i?img=/i/headshots/nhl/players/full/3899730.png,3899730.png
https://a.espncdn.com/combiner/i?img=/i/headshots/nhl/players/full/3205.png,3205.png
https://a.espncdn.com/combiner/i?img=/i/headshots/nhl/players/full/2966501.png,2966501.png
https://a.espncdn.com/combiner/i?img=/i/headshots/nhl/players/full/3942293.png,3942293.png
https://a.espncdn.com/combiner/i?img=/i/headshots/nhl/players/full/5427.png,5427.png
https://a.espncdn.com/combiner/i?img=/i/headshots/nhl/players/full/3899972.png,3899972.png
https://a.espncdn.com/combiner/i?img=/i/headshots/nhl/players/full/5571.png,5571.png
https://a.espncdn.com/combiner/i?img=/i/headshots/nhl/players/full/2557840.png,2557840.png
https://a.espncdn.com/combiner/i?img=/i/headshots/nhl/players/full/3069266.png,3069266.png
https://a.espncdn.com/combiner/i?img=/i/headshots/nhl/players/full/2563026.png,2563026.png
https://a.espncdn.com/combiner/i?img=/i/headshots/nhl/players/full/4233555.png,4233555.png
https://a.espncdn.com/combiner/i?img=/i/headshots/nhl/players/full/4024902.png,4024902.png
https://a.espncdn.com/combiner/i?img=/i/headshots/nhl/players/full/3096235.png,3096235.png
https://a.espncdn.com/combiner/i?img=/i/headshots/nhl/players/full/3899949.png,3899949.png
https://a.espncdn.com/combiner/i?img=/i/headshots/nhl/players/full/3321.png,3321.png
https://a.espncdn.com/combiner/i?img=/i/headshots/nhl/players/full/2591153.png,2591153.png
https://a.espncdn.com/combiner/i?img=/i/headshots/nhl/players/full/4268771.png,4268771.png
https://a.espncdn.com/combiner/i?img=/i/headshots/nhl/players/full/5428.png,5428.png
https://a.espncdn.com/combiner/i?img=/i/headshots/nhl/players/full/3942746.png,3942746.png
https://a.espncdn.com/combiner/i?img=/i/headshots/nhl/players/full/3042110.png,3042110.png
https://a.espncdn.com/combiner/i?img=/i/headshots/nhl/players/full/4197161.png,4197161.png
https://a.espncdn.com/combiner/i?img=/i/headshots/nhl/players/full/3042087.png,3042087.png
https://a.espncdn.com/combiner/i?img=/i/headshots/nhl/players/full/2562623.png,2562623.png
https://a.espncdn.com/combiner/i?img=/i/headshots/nhl/players/full/5517.png,5517.png
https://a.espncdn.com/combiner/i?img=/i/headshots/nhl/players/full/3327.png,3327.png
https://a.espncdn.com/combiner/i?img=/i/headshots/nhl/players/full/3042169.png,3042169.png
https://a.espncdn.com/combiner/i?img=/i/headshots/nhl/players/full/3067849.png,3067849.png
https://a.espncdn.com/combiner/i?img=/i/headshots/nhl/players/full/3313.png,3313.png
https://a.espncdn.com/combiner/i?img=/i/headshots/nhl/players/full/3042033.png,3042033.png
https://a.espncdn.com/combiner/i?img=/i/headshots/nhl/players/full/3042015.png,3042015.png
https://a.espncdn.com/combiner/i?img=/i/headshots/nhl/players/full/3068087.png,3068087.png
https://a.espncdn.com/combiner/i?img=/i/headshots/nhl/players/full/2590835.png,2590835.png
https://a.espncdn.com/combiner/i?img=/i/headshots/nhl/players/full/4297649.png,4297649.png
https://a.espncdn.com/combiner/i?img=/i/headshots/nhl/players/full/3904177.png,3904177.png
https://a.espncdn.com/combiner/i?img=/i/headshots/nhl/players/full/3750.png,3750.png
https://a.espncdn.com/combiner/i?img=/i/headshots/nhl/players/full/3899946.png,3899946.png
https://a.espncdn.com/combiner/i?img=/i/headshots/nhl/players/full/5262.png,5262.png
https://a.espncdn.com/combiner/i?img=/i/headshots/nhl/players/full/3144.png,3144.png
https://a.espncdn.com/combiner/i?img=/i/headshots/nhl/players/full/2590558.png,2590558.png
https://a.espncdn.com/combiner/i?img=/i/headshots/nhl/players/full/5798.png,5798.png
https://a.espncdn.com/combiner/i?img=/i/headshots/nhl/players/full/5056.png,5056.png
https://a.espncdn.com/combiner/i?img=/i/headshots/nhl/players/full/3904107.png,3904107.png
https://a.espncdn.com/combiner/i?img=/i/headshots/nhl/players/full/3067822.png,3067822.png
https://a.espncdn.com/combiner/i?img=/i/headshots/nhl/players/full/3191.png,3191.png
https://a.espncdn.com/combiner/i?img=/i/headshots/nhl/players/full/5793.png,5793.png
https://a.espncdn.com/combiner/i?img=/i/headshots/nhl/players/full/5050.png,5050.png
https://a.espncdn.com/combiner/i?img=/i/headshots/nhl/players/full/3689.png,3689.png
https://a.espncdn.com/combiner/i?img=/i/headshots/nhl/players/full/5032.png,5032.png
https://a.espncdn.com/combiner/i?img=/i/headshots/nhl/players/full/2591152.png,2591152.png
https://a.espncdn.com/combiner/i?img=/i/headshots/nhl/players/full/2072.png,2072.png
https://a.espncdn.com/combiner/i?img=/i/headshots/nhl/players/full/3769.png,3769.png
https://a.espncdn.com/combiner/i?img=/i/headshots/nhl/players/full/5447.png,5447.png
https://a.espncdn.com/combiner/i?img=/i/headshots/nhl/players/full/2563069.png,2563069.png
https://a.espncdn.com/combiner/i?img=/i/headshots/nhl/players/full/3069621.png,3069621.png
https://a.espncdn.com/combiner/i?img=/i/headshots/nhl/players/full/3042019.png,3042019.png
https://a.espncdn.com/combiner/i?img=/i/headshots/nhl/players/full/5098.png,5098.png
https://a.espncdn.com/combiner/i?img=/i/headshots/nhl/players/full/2001.png,2001.png
https://a.espncdn.com/combiner/i?img=/i/headshots/nhl/players/full/3096249.png,3096249.png
https://a.espncdn.com/combiner/i?img=/i/headshots/nhl/players/full/3375.png,3375.png
https://a.espncdn.com/combiner/i?img=/i/headshots/nhl/players/full/5283.png,5283.png
https://a.espncdn.com/combiner/i?img=/i/headshots/nhl/players/full/4232875.png,4232875.png
https://a.espncdn.com/combiner/i?img=/i/headshots/nhl/players/full/2590377.png,2590377.png
https://a.espncdn.com/combiner/i?img=/i/headshots/nhl/players/full/4233643.png,4233643.png
https://a.espncdn.com/combiner/i?img=/i/headshots/nhl/players/full/4024989.png,4024989.png
https://a.espncdn.com/combiner/i?img=/i/headshots/nhl/players/full/3095892.png,3095892.png
https://a.espncdn.com/combiner/i?img=/i/headshots/nhl/players/full/2562622.png,2562622.png
https://a.espncdn.com/combiner/i?img=/i/headshots/nhl/players/full/3069401.png,3069401.png
https://a.espncdn.com/combiner/i?img=/i/headshots/nhl/players/full/2562636.png,2562636.png
https://a.espncdn.com/combiner/i?img=/i/headshots/nhl/players/full/2562637.png,2562637.png
https://a.espncdn.com/combiner/i?img=/i/headshots/nhl/players/full/3042081.png,3042081.png
https://a.espncdn.com/combiner/i?img=/i/headshots/nhl/players/full/5833.png,5833.png
https://a.espncdn.com/combiner/i?img=/i/headshots/nhl/players/full/3069397.png,3069397.png
https://a.espncdn.com/combiner/i?img=/i/headshots/nhl/players/full/2590847.png,2590847.png
https://a.espncdn.com/combiner/i?img=/i/headshots/nhl/players/full/2564148.png,2564148.png
https://a.espncdn.com/combiner/i?img=/i/headshots/nhl/players/full/3114769.png,3114769.png
https://a.espncdn.com/combiner/i?img=/i/headshots/nhl/players/full/3988847.png,3988847.png
https://a.espncdn.com/combiner/i?img=/i/headshots/nhl/players/full/5008.png,5008.png
https://a.espncdn.com/combiner/i?img=/i/headshots/nhl/players/full/2976856.png,2976856.png
https://a.espncdn.com/combiner/i?img=/i/headshots/nhl/players/full/4973.png,4973.png
https://a.espncdn.com/combiner/i?img=/i/headshots/nhl/players/full/3250.png,3250.png
https://a.espncdn.com/combiner/i?img=/i/headshots/nhl/players/full/4239677.png,4239677.png
https://a.espncdn.com/combiner/i?img=/i/headshots/nhl/players/full/3081.png,3081.png
https://a.espncdn.com/combiner/i?img=/i/headshots/nhl/players/full/2562601.png,2562601.png
https://a.espncdn.com/combiner/i?img=/i/headshots/nhl/players/full/3900169.png,3900169.png
https://a.espncdn.com/combiner/i?img=/i/headshots/nhl/players/full/2976848.png,2976848.png
https://a.espncdn.com/combiner/i?img=/i/headshots/nhl/players/full/4233544.png,4233544.png
https://a.espncdn.com/combiner/i?img=/i/headshots/nhl/players/full/5229.png,5229.png
https://a.espncdn.com/combiner/i?img=/i/headshots/nhl/players/full/3775.png,3775.png
https://a.espncdn.com/combiner/i?img=/i/headshots/nhl/players/full/3151326.png,3151326.png
https://a.espncdn.com/combiner/i?img=/i/headshots/nhl/players/full/3037290.png,3037290.png
https://a.espncdn.com/combiner/i?img=/i/headshots/nhl/players/full/3822.png,3822.png
https://a.espncdn.com/combiner/i?img=/i/headshots/nhl/players/full/3042043.png,3042043.png
https://a.espncdn.com/combiner/i?img=/i/headshots/nhl/players/full/3042063.png,3042063.png
https://a.espncdn.com/combiner/i?img=/i/headshots/nhl/players/full/3781.png,3781.png
https://a.espncdn.com/combiner/i?img=/i/headshots/nhl/players/full/3025662.png,3025662.png
https://a.espncdn.com/combiner/i?img=/i/headshots/nhl/players/full/5502.png,5502.png
https://a.espncdn.com/combiner/i?img=/i/headshots/nhl/players/full/3042013.png,3042013.png
https://a.espncdn.com/combiner/i?img=/i/headshots/nhl/players/full/3574.png,3574.png
https://a.espncdn.com/combiner/i?img=/i/headshots/nhl/players/full/3042012.png,3042012.png
https://a.espncdn.com/combiner/i?img=/i/headshots/nhl/players/full/3899939.png,3899939.png
https://a.espncdn.com/combiner/i?img=/i/headshots/nhl/players/full/3114757.png,3114757.png
https://a.espncdn.com/combiner/i?img=/i/headshots/nhl/players/full/2865.png,2865.png
https://a.espncdn.com/combiner/i?img=/i/headshots/nhl/players/full/4064582.png,4064582.png
https://a.espncdn.com/combiner/i?img=/i/headshots/nhl/players/full/3705.png,3705.png
https://a.espncdn.com/combiner/i?img=/i/headshots/nhl/players/full/5734.png,5734.png
https://a.espncdn.com/combiner/i?img=/i/headshots/nhl/players/full/5828.png,5828.png
https://a.espncdn.com/combiner/i?img=/i/headshots/nhl/players/full/3114.png,3114.png
https://a.espncdn.com/combiner/i?img=/i/headshots/nhl/players/full/182.png,182.png
https://a.espncdn.com/combiner/i?img=/i/headshots/nhl/players/full/3042083.png,3042083.png
https://a.espncdn.com/combiner/i?img=/i/headshots/nhl/players/full/3124.png,3124.png
https://a.espncdn.com/combiner/i?img=/i/headshots/nhl/players/full/3114777.png,3114777.png
https://a.espncdn.com/combiner/i?img=/i/headshots/nhl/players/full/3913226.png,3913226.png
https://a.espncdn.com/combiner/i?img=/i/headshots/nhl/players/full/5337.png,5337.png
https://a.espncdn.com/combiner/i?img=/i/headshots/nhl/players/full/3699.png,3699.png
https://a.espncdn.com/combiner/i?img=/i/headshots/nhl/players/full/3479.png,3479.png
https://a.espncdn.com/combiner/i?img=/i/headshots/nhl/players/full/2591155.png,2591155.png
https://a.espncdn.com/combiner/i?img=/i/headshots/nhl/players/full/5738.png,5738.png
https://a.espncdn.com/combiner/i?img=/i/headshots/nhl/players/full/5503.png,5503.png
https://a.espncdn.com/combiner/i?img=/i/headshots/nhl/players/full/3583.png,3583.png
https://a.espncdn.com/combiner/i?img=/i/headshots/nhl/players/full/3539.png,3539.png
https://a.espncdn.com/combiner/i?img=/i/headshots/nhl/players/full/2976850.png,2976850.png
https://a.espncdn.com/combiner/i?img=/i/headshots/nhl/players/full/3114995.png,3114995.png
https://a.espncdn.com/combiner/i?img=/i/headshots/nhl/players/full/3024837.png,3024837.png
https://a.espncdn.com/combiner/i?img=/i/headshots/nhl/players/full/2501067.png,2501067.png
https://a.espncdn.com/combiner/i?img=/i/headshots/nhl/players/full/2591151.png,2591151.png
https://a.espncdn.com/combiner/i?img=/i/headshots/nhl/players/full/3025540.png,3025540.png
https://a.espncdn.com/combiner/i?img=/i/headshots/nhl/players/full/3042020.png,3042020.png
https://a.espncdn.com/combiner/i?img=/i/headshots/nhl/players/full/3067862.png,3067862.png
https://a.espncdn.com/combiner/i?img=/i/headshots/nhl/players/full/3666.png,3666.png
https://a.espncdn.com/combiner/i?img=/i/headshots/nhl/players/full/3024784.png,3024784.png
https://a.espncdn.com/combiner/i?img=/i/headshots/nhl/players/full/3025616.png,3025616.png
https://a.espncdn.com/combiner/i?img=/i/headshots/nhl/players/full/3946.png,3946.png
https://a.espncdn.com/combiner/i?img=/i/headshots/nhl/players/full/5647.png,5647.png
https://a.espncdn.com/combiner/i?img=/i/headshots/nhl/players/full/3067858.png,3067858.png
https://a.espncdn.com/combiner/i?img=/i/headshots/nhl/players/full/3114747.png,3114747.png
https://a.espncdn.com/combiner/i?img=/i/headshots/nhl/players/full/3042044.png,3042044.png
https://a.espncdn.com/combiner/i?img=/i/headshots/nhl/players/full/2300267.png,2300267.png
https://a.espncdn.com/combiner/i?img=/i/headshots/nhl/players/full/3101.png,3101.png
https://a.espncdn.com/combiner/i?img=/i/headshots/nhl/players/full/5479.png,5479.png
https://a.espncdn.com/combiner/i?img=/i/headshots/nhl/players/full/2563053.png,2563053.png
https://a.espncdn.com/combiner/i?img=/i/headshots/nhl/players/full/5034.png,5034.png
https://a.espncdn.com/combiner/i?img=/i/headshots/nhl/players/full/5542.png,5542.png
https://a.espncdn.com/combiner/i?img=/i/headshots/nhl/players/full/2970615.png,2970615.png
https://a.espncdn.com/combiner/i?img=/i/headshots/nhl/players/full/5118.png,5118.png
https://a.espncdn.com/combiner/i?img=/i/headshots/nhl/players/full/3069440.png,3069440.png
https://a.espncdn.com/combiner/i?img=/i/headshots/nhl/players/full/3025608.png,3025608.png
https://a.espncdn.com/combiner/i?img=/i/headshots/nhl/players/full/4046946.png,4046946.png
https://a.espncdn.com/combiner/i?img=/i/headshots/nhl/players/full/3620.png,3620.png
https://a.espncdn.com/combiner/i?img=/i/headshots/nhl/players/full/5646.png,5646.png
https://a.espncdn.com/combiner/i?img=/i/headshots/nhl/players/full/1202.png,1202.png
https://a.espncdn.com/combiner/i?img=/i/headshots/nhl/players/full/3095330.png,3095330.png
https://a.espncdn.com/combiner/i?img=/i/headshots/nhl/players/full/5075.png,5075.png
