Y,X,NHL Player,fWHR,Player Photo
0.832614736,0,Aaron Dell,2.225352113,"<a href=""http://www.espn.com/nhl/player/_/id/2501176""><img src=""../NHL/images2501176.png""></a>"
0.743310658,40,Adam Erne,1.986666667,"<a href=""http://www.espn.com/nhl/player/_/id/3041991""><img src=""../NHL/images3041991.png""></a>"
0.700938603,0,Adam Clendening,1.873417722,"<a href=""http://www.espn.com/nhl/player/_/id/2563024""><img src=""../NHL/images2563024.png""></a>"
0.828117914,18,Adam Gaudette,2.213333333,"<a href=""http://www.espn.com/nhl/player/_/id/3942868""><img src=""../NHL/images3942868.png""></a>"
0.835990646,24,Adam Henrique,2.234375,"<a href=""http://www.espn.com/nhl/player/_/id/5074""><img src=""../NHL/images5074.png""></a>"
0.835600907,44,Adam Larsson,2.233333333,"<a href=""http://www.espn.com/nhl/player/_/id/2562610""><img src=""../NHL/images2562610.png""></a>"
0.775810324,33,Adam Lowry,2.073529412,"<a href=""http://www.espn.com/nhl/player/_/id/2563066""><img src=""../NHL/images2563066.png""></a>"
0.789221939,42,Adam McQuaid,2.109375,"<a href=""http://www.espn.com/nhl/player/_/id/3205""><img src=""../NHL/images3205.png""></a>"
0.836334534,24,Adam Pelech,2.235294118,"<a href=""http://www.espn.com/nhl/player/_/id/3069621""><img src=""../NHL/images3069621.png""></a>"
0.807094266,50,Adrian Kempe,2.157142857,"<a href=""http://www.espn.com/nhl/player/_/id/3114802""><img src=""../NHL/images3114802.png""></a>"
0.7696793,6,Alan Quine,2.057142857,"<a href=""http://www.espn.com/nhl/player/_/id/2563088""><img src=""../NHL/images2563088.png""></a>"
0.779051347,8,Alec Martinez,2.082191781,"<a href=""http://www.espn.com/nhl/player/_/id/3927""><img src=""../NHL/images3927.png""></a>"
0.798860085,8,Aleksander Barkov,2.135135135,"<a href=""http://www.espn.com/nhl/player/_/id/3041970""><img src=""../NHL/images3041970.png""></a>"
0.827345023,22,Alex Iafallo,2.211267606,"<a href=""http://www.espn.com/nhl/player/_/id/3652598""><img src=""../NHL/images3652598.png""></a>"
0.736787023,45,Alex Killorn,1.969230769,"<a href=""http://www.espn.com/nhl/player/_/id/4968""><img src=""../NHL/images4968.png""></a>"
0.763888889,22,Alex Biega,2.041666667,"<a href=""http://www.espn.com/nhl/player/_/id/5462""><img src=""../NHL/images5462.png""></a>"
0.813151927,32,Alex Chiasson,2.173333333,"<a href=""http://www.espn.com/nhl/player/_/id/2590705""><img src=""../NHL/images2590705.png""></a>"
0.920040147,15,Alex DeBrincat,2.459016393,"<a href=""http://www.espn.com/nhl/player/_/id/4063433""><img src=""../NHL/images4063433.png""></a>"
0.90520079,34,Alex Galchenyuk,2.419354839,"<a href=""http://www.espn.com/nhl/player/_/id/2966502""><img src=""../NHL/images2966502.png""></a>"
0.758411473,16,Alex Goligoski,2.027027027,"<a href=""http://www.espn.com/nhl/player/_/id/3757""><img src=""../NHL/images3757.png""></a>"
0.784801726,40,Alex Ovechkin,2.097560976,"<a href=""http://www.espn.com/nhl/player/_/id/3101""><img src=""../NHL/images3101.png""></a>"
0.794348509,26,Alex Petrovic,2.123076923,"<a href=""http://www.espn.com/nhl/player/_/id/5620""><img src=""../NHL/images5620.png""></a>"
0.732709751,22,Alex Pietrangelo,1.958333333,"<a href=""http://www.espn.com/nhl/player/_/id/4013""><img src=""../NHL/images4013.png""></a>"
0.852841136,4,Alex Stalock,2.279411765,"<a href=""http://www.espn.com/nhl/player/_/id/5223""><img src=""../NHL/images5223.png""></a>"
0.800996455,8,Alex Tuch,2.14084507,"<a href=""http://www.espn.com/nhl/player/_/id/3114766""><img src=""../NHL/images3114766.png""></a>"
0.787981859,2,Alexandar Georgiev,2.106060606,"<a href=""http://www.espn.com/nhl/player/_/id/4239677""><img src=""../NHL/images4239677.png""></a>"
0.93266292,38,Alexander Kerfoot,2.492753623,"<a href=""http://www.espn.com/nhl/player/_/id/3069394""><img src=""../NHL/images3069394.png""></a>"
0.681994317,14,Alexander Steen,1.82278481,"<a href=""http://www.espn.com/nhl/player/_/id/3113""><img src=""../NHL/images3113.png""></a>"
0.772914429,12,Alexander Wennberg,2.065789474,"<a href=""http://www.espn.com/nhl/player/_/id/3042017""><img src=""../NHL/images3042017.png""></a>"
0.74829932,58,Anders Lee,2,"<a href=""http://www.espn.com/nhl/player/_/id/5793""><img src=""../NHL/images5793.png""></a>"
0.701530612,0,Anders Nilsson,1.875,"<a href=""http://www.espn.com/nhl/player/_/id/5514""><img src=""../NHL/images5514.png""></a>"
0.817221625,14,Andre Burakovsky,2.184210526,"<a href=""http://www.espn.com/nhl/player/_/id/3042044""><img src=""../NHL/images3042044.png""></a>"
0.763675333,38,Andreas Athanasiou,2.04109589,"<a href=""http://www.espn.com/nhl/player/_/id/3068035""><img src=""../NHL/images3068035.png""></a>"
0.900297619,32,Andreas Johnsson,2.40625,"<a href=""http://www.espn.com/nhl/player/_/id/3042262""><img src=""../NHL/images3042262.png""></a>"
0.785714286,6,Andrei Vasilevskiy,2.1,"<a href=""http://www.espn.com/nhl/player/_/id/2976847""><img src=""../NHL/images2976847.png""></a>"
0.81432573,62,Andrei Svechnikov,2.176470588,"<a href=""http://www.espn.com/nhl/player/_/id/4352683""><img src=""../NHL/images4352683.png""></a>"
0.764566696,6,Andrej Sekera,2.043478261,"<a href=""http://www.espn.com/nhl/player/_/id/3452""><img src=""../NHL/images3452.png""></a>"
0.655976676,22,Andrew Cogliano,1.753246753,"<a href=""http://www.espn.com/nhl/player/_/id/3655""><img src=""../NHL/images3655.png""></a>"
0.7696793,6,Andrew Copp,2.057142857,"<a href=""http://www.espn.com/nhl/player/_/id/3042114""><img src=""../NHL/images3042114.png""></a>"
0.727220466,16,Andrew Ladd,1.943661972,"<a href=""http://www.espn.com/nhl/player/_/id/3191""><img src=""../NHL/images3191.png""></a>"
0.781805259,18,Andrew MacDonald,2.089552239,"<a href=""http://www.espn.com/nhl/player/_/id/3574""><img src=""../NHL/images3574.png""></a>"
0.78859236,71,Andrew Shaw,2.107692308,"<a href=""http://www.espn.com/nhl/player/_/id/2564334""><img src=""../NHL/images2564334.png""></a>"
0.737759893,16,Andy Greene,1.971830986,"<a href=""http://www.espn.com/nhl/player/_/id/3313""><img src=""../NHL/images3313.png""></a>"
0.713838167,34,Anthony Cirelli,1.907894737,"<a href=""http://www.espn.com/nhl/player/_/id/3941973""><img src=""../NHL/images3941973.png""></a>"
0.753495843,8,Anthony Beauvillier,2.013888889,"<a href=""http://www.espn.com/nhl/player/_/id/3904107""><img src=""../NHL/images3904107.png""></a>"
0.809726876,12,Anthony Bitetto,2.164179104,"<a href=""http://www.espn.com/nhl/player/_/id/3067505""><img src=""../NHL/images3067505.png""></a>"
0.768523626,14,Anthony Duclair,2.054054054,"<a href=""http://www.espn.com/nhl/player/_/id/3042086""><img src=""../NHL/images3042086.png""></a>"
0.800914116,30,Anthony Mantha,2.140625,"<a href=""http://www.espn.com/nhl/player/_/id/3042037""><img src=""../NHL/images3042037.png""></a>"
0.721950752,0,Anthony Stolarz,1.929577465,"<a href=""http://www.espn.com/nhl/player/_/id/3067313""><img src=""../NHL/images3067313.png""></a>"
0.910244695,118,Antoine Roussel,2.432835821,"<a href=""http://www.espn.com/nhl/player/_/id/2524606""><img src=""../NHL/images2524606.png""></a>"
0.727220466,8,Anton Stralman,1.943661972,"<a href=""http://www.espn.com/nhl/player/_/id/3668""><img src=""../NHL/images3668.png""></a>"
0.855199223,2,Anton Khudobin,2.285714286,"<a href=""http://www.espn.com/nhl/player/_/id/3760""><img src=""../NHL/images3760.png""></a>"
0.89569161,4,Antti Suomela,2.393939394,"<a href=""http://www.espn.com/nhl/player/_/id/4348823""><img src=""../NHL/images4348823.png""></a>"
0.926465824,0,Antti Niemi,2.476190476,"<a href=""http://www.espn.com/nhl/player/_/id/3937""><img src=""../NHL/images3937.png""></a>"
0.69286974,0,Antti Raanta,1.851851852,"<a href=""http://www.espn.com/nhl/player/_/id/3037703""><img src=""../NHL/images3037703.png""></a>"
0.713838167,30,Anze Kopitar,1.907894737,"<a href=""http://www.espn.com/nhl/player/_/id/3183""><img src=""../NHL/images3183.png""></a>"
0.762689691,23,Artemi Panarin,2.038461538,"<a href=""http://www.espn.com/nhl/player/_/id/3891952""><img src=""../NHL/images3891952.png""></a>"
0.856748497,32,Artturi Lehkonen,2.289855072,"<a href=""http://www.espn.com/nhl/player/_/id/3042050""><img src=""../NHL/images3042050.png""></a>"
0.847338936,16,Austin Wagner,2.264705882,"<a href=""http://www.espn.com/nhl/player/_/id/3942922""><img src=""../NHL/images3942922.png""></a>"
0.86707699,8,Austin Czarnik,2.317460317,"<a href=""http://www.espn.com/nhl/player/_/id/3024816""><img src=""../NHL/images3024816.png""></a>"
0.753721779,39,Austin Watson,2.014492754,"<a href=""http://www.espn.com/nhl/player/_/id/5556""><img src=""../NHL/images5556.png""></a>"
0.817373103,12,Auston Matthews,2.184615385,"<a href=""http://www.espn.com/nhl/player/_/id/4024123""><img src=""../NHL/images4024123.png""></a>"
0.791059281,76,Barclay Goodrow,2.114285714,"<a href=""http://www.espn.com/nhl/player/_/id/3069411""><img src=""../NHL/images3069411.png""></a>"
0.732031943,2,Ben Bishop,1.956521739,"<a href=""http://www.espn.com/nhl/player/_/id/3866""><img src=""../NHL/images3866.png""></a>"
0.819827931,62,Ben Chiarot,2.191176471,"<a href=""http://www.espn.com/nhl/player/_/id/5246""><img src=""../NHL/images5246.png""></a>"
0.868788193,56,Ben Harpur,2.322033898,"<a href=""http://www.espn.com/nhl/player/_/id/3042120""><img src=""../NHL/images3042120.png""></a>"
0.851909995,43,Ben Hutton,2.276923077,"<a href=""http://www.espn.com/nhl/player/_/id/3571762""><img src=""../NHL/images3571762.png""></a>"
0.702794631,37,Ben Lovejoy,1.878378378,"<a href=""http://www.espn.com/nhl/player/_/id/3993""><img src=""../NHL/images3993.png""></a>"
0.722672631,71,Blake Coleman,1.931506849,"<a href=""http://www.espn.com/nhl/player/_/id/2563026""><img src=""../NHL/images2563026.png""></a>"
0.807946367,42,Blake Comeau,2.15942029,"<a href=""http://www.espn.com/nhl/player/_/id/3257""><img src=""../NHL/images3257.png""></a>"
0.738945578,33,Bo Horvat,1.975,"<a href=""http://www.espn.com/nhl/player/_/id/3042002""><img src=""../NHL/images3042002.png""></a>"
0.798558229,35,Bobby Ryan,2.134328358,"<a href=""http://www.espn.com/nhl/player/_/id/3264""><img src=""../NHL/images3264.png""></a>"
0.780834073,12,Bogdan Kiselevich,2.086956522,"<a href=""http://www.espn.com/nhl/player/_/id/4294798""><img src=""../NHL/images4294798.png""></a>"
0.763467549,8,Boo Nieves,2.040540541,"<a href=""http://www.espn.com/nhl/player/_/id/3069401""><img src=""../NHL/images3069401.png""></a>"
0.75297619,42,Boone Jenner,2.0125,"<a href=""http://www.espn.com/nhl/player/_/id/2563054""><img src=""../NHL/images2563054.png""></a>"
0.742714996,8,Brad Hunt,1.985074627,"<a href=""http://www.espn.com/nhl/player/_/id/2334821""><img src=""../NHL/images2334821.png""></a>"
0.781805259,4,Brad Malone,2.089552239,"<a href=""http://www.espn.com/nhl/player/_/id/2304641""><img src=""../NHL/images2304641.png""></a>"
0.689990282,96,Brad Marchand,1.844155844,"<a href=""http://www.espn.com/nhl/player/_/id/3852""><img src=""../NHL/images3852.png""></a>"
0.792316927,22,Brad Richardson,2.117647059,"<a href=""http://www.espn.com/nhl/player/_/id/3154""><img src=""../NHL/images3154.png""></a>"
0.798185941,2,Braden Holtby,2.133333333,"<a href=""http://www.espn.com/nhl/player/_/id/5075""><img src=""../NHL/images5075.png""></a>"
0.797819128,44,Brady Skjei,2.132352941,"<a href=""http://www.espn.com/nhl/player/_/id/2976856""><img src=""../NHL/images2976856.png""></a>"
0.830144558,47,Brandon Carlo,2.21875,"<a href=""http://www.espn.com/nhl/player/_/id/3904175""><img src=""../NHL/images3904175.png""></a>"
0.767486482,36,Brandon Dubinsky,2.051282051,"<a href=""http://www.espn.com/nhl/player/_/id/3323""><img src=""../NHL/images3323.png""></a>"
0.789871504,6,Brandon Pirri,2.111111111,"<a href=""http://www.espn.com/nhl/player/_/id/5525""><img src=""../NHL/images5525.png""></a>"
0.79167899,12,Brandon Saad,2.115942029,"<a href=""http://www.espn.com/nhl/player/_/id/2563065""><img src=""../NHL/images2563065.png""></a>"
0.846153846,6,Brandon Sutter,2.261538462,"<a href=""http://www.espn.com/nhl/player/_/id/3791""><img src=""../NHL/images3791.png""></a>"
0.802523908,41,Brandon Tanev,2.144927536,"<a href=""http://www.espn.com/nhl/player/_/id/3096236""><img src=""../NHL/images3096236.png""></a>"
0.780834073,28,Brayden Point,2.086956522,"<a href=""http://www.espn.com/nhl/player/_/id/3151187""><img src=""../NHL/images3151187.png""></a>"
0.780369291,40,Brayden Schenn,2.085714286,"<a href=""http://www.espn.com/nhl/player/_/id/5219""><img src=""../NHL/images5219.png""></a>"
0.742797119,34,Braydon Coburn,1.985294118,"<a href=""http://www.espn.com/nhl/player/_/id/2410""><img src=""../NHL/images2410.png""></a>"
0.763265306,24,Brendan Leipsic,2.04,"<a href=""http://www.espn.com/nhl/player/_/id/3067485""><img src=""../NHL/images3067485.png""></a>"
0.823129252,49,Brendan Gallagher,2.2,"<a href=""http://www.espn.com/nhl/player/_/id/5614""><img src=""../NHL/images5614.png""></a>"
0.844854071,28,Brendan Perlini,2.258064516,"<a href=""http://www.espn.com/nhl/player/_/id/3114744""><img src=""../NHL/images3114744.png""></a>"
0.703401361,61,Brenden Dillon,1.88,"<a href=""http://www.espn.com/nhl/player/_/id/2554903""><img src=""../NHL/images2554903.png""></a>"
0.763068385,34,Brent Burns,2.039473684,"<a href=""http://www.espn.com/nhl/player/_/id/2300""><img src=""../NHL/images2300.png""></a>"
0.743310658,41,Brent Seabrook,1.986666667,"<a href=""http://www.espn.com/nhl/player/_/id/2389""><img src=""../NHL/images2389.png""></a>"
0.757314974,31,Brett Seney,2.024096386,"<a href=""http://www.espn.com/nhl/player/_/id/3942746""><img src=""../NHL/images3942746.png""></a>"
0.757892901,24,Brett Connolly,2.025641026,"<a href=""http://www.espn.com/nhl/player/_/id/5479""><img src=""../NHL/images5479.png""></a>"
0.790457028,14,Brett Howden,2.112676056,"<a href=""http://www.espn.com/nhl/player/_/id/4024989""><img src=""../NHL/images4024989.png""></a>"
0.815311199,31,Brett Kulak,2.179104478,"<a href=""http://www.espn.com/nhl/player/_/id/3068665""><img src=""../NHL/images3068665.png""></a>"
0.775024295,24,Brett Pesce,2.071428571,"<a href=""http://www.espn.com/nhl/player/_/id/3025535""><img src=""../NHL/images3025535.png""></a>"
0.765837585,57,Brett Ritchie,2.046875,"<a href=""http://www.espn.com/nhl/player/_/id/2563074""><img src=""../NHL/images2563074.png""></a>"
0.721187026,38,Brian Boyle,1.927536232,"<a href=""http://www.espn.com/nhl/player/_/id/3648""><img src=""../NHL/images3648.png""></a>"
0.828036132,20,Brian Dumoulin,2.213114754,"<a href=""http://www.espn.com/nhl/player/_/id/5738""><img src=""../NHL/images5738.png""></a>"
0.753644315,2,Brian Elliott,2.014285714,"<a href=""http://www.espn.com/nhl/player/_/id/2865""><img src=""../NHL/images2865.png""></a>"
0.722316704,20,Brian Gibbons,1.930555556,"<a href=""http://www.espn.com/nhl/player/_/id/2304504""><img src=""../NHL/images2304504.png""></a>"
0.807094266,22,Brock Boeser,2.157142857,"<a href=""http://www.espn.com/nhl/player/_/id/3899979""><img src=""../NHL/images3899979.png""></a>"
0.742714996,20,Brock McGinn,1.985074627,"<a href=""http://www.espn.com/nhl/player/_/id/3067868""><img src=""../NHL/images3067868.png""></a>"
0.711923658,28,Brock Nelson,1.902777778,"<a href=""http://www.espn.com/nhl/player/_/id/5798""><img src=""../NHL/images5798.png""></a>"
0.753158406,32,Brooks Orpik,2.012987013,"<a href=""http://www.espn.com/nhl/player/_/id/1202""><img src=""../NHL/images1202.png""></a>"
0.769989155,26,Bryan Little,2.057971014,"<a href=""http://www.espn.com/nhl/player/_/id/3508""><img src=""../NHL/images3508.png""></a>"
0.903119869,24,Bryan Rust,2.413793103,"<a href=""http://www.espn.com/nhl/player/_/id/2591155""><img src=""../NHL/images2591155.png""></a>"
0.685131195,44,Cal Clutterbuck,1.831168831,"<a href=""http://www.espn.com/nhl/player/_/id/3689""><img src=""../NHL/images3689.png""></a>"
0.789302022,12,Calle Jarnkrok,2.109589041,"<a href=""http://www.espn.com/nhl/player/_/id/2555316""><img src=""../NHL/images2555316.png""></a>"
0.769378174,0,Calle Rosen,2.056338028,"<a href=""http://www.espn.com/nhl/player/_/id/4220707""><img src=""../NHL/images4220707.png""></a>"
0.827664399,20,Calvin de Haan,2.212121212,"<a href=""http://www.espn.com/nhl/player/_/id/5266""><img src=""../NHL/images5266.png""></a>"
0.814928711,20,Cam Atkinson,2.178082192,"<a href=""http://www.espn.com/nhl/player/_/id/2501107""><img src=""../NHL/images2501107.png""></a>"
0.87502743,20,Cam Fowler,2.338709677,"<a href=""http://www.espn.com/nhl/player/_/id/5495""><img src=""../NHL/images5495.png""></a>"
0.70861678,0,Cam Talbot,1.893939394,"<a href=""http://www.espn.com/nhl/player/_/id/5734""><img src=""../NHL/images5734.png""></a>"
0.758017493,4,Cam Ward,2.025974026,"<a href=""http://www.espn.com/nhl/player/_/id/1671""><img src=""../NHL/images1671.png""></a>"
0.853528912,7,Cameron Gaunce,2.28125,"<a href=""http://www.espn.com/nhl/player/_/id/5131""><img src=""../NHL/images5131.png""></a>"
0.74829932,2,Carey Price,2,"<a href=""http://www.espn.com/nhl/player/_/id/3231""><img src=""../NHL/images3231.png""></a>"
0.75898931,6,Carl Gunnarsson,2.028571429,"<a href=""http://www.espn.com/nhl/player/_/id/4960""><img src=""../NHL/images4960.png""></a>"
0.74829932,30,Carl Hagelin,2,"<a href=""http://www.espn.com/nhl/player/_/id/2300267""><img src=""../NHL/images2300267.png""></a>"
0.801749271,26,Carl Soderberg,2.142857143,"<a href=""http://www.espn.com/nhl/player/_/id/3387""><img src=""../NHL/images3387.png""></a>"
0.80026455,0,Carter Hart,2.138888889,"<a href=""http://www.espn.com/nhl/player/_/id/4064582""><img src=""../NHL/images4064582.png""></a>"
0.728607232,2,Carter Hutton,1.947368421,"<a href=""http://www.espn.com/nhl/player/_/id/5420""><img src=""../NHL/images5420.png""></a>"
0.792606516,12,Carter Rowney,2.118421053,"<a href=""http://www.espn.com/nhl/player/_/id/2501172""><img src=""../NHL/images2501172.png""></a>"
0.769378174,36,Casey Cizikas,2.056338028,"<a href=""http://www.espn.com/nhl/player/_/id/5262""><img src=""../NHL/images5262.png""></a>"
0.775411614,2,Casey DeSmith,2.072463768,"<a href=""http://www.espn.com/nhl/player/_/id/3025540""><img src=""../NHL/images3025540.png""></a>"
0.921413341,10,Casey Mittelstadt,2.462686567,"<a href=""http://www.espn.com/nhl/player/_/id/4233575""><img src=""../NHL/images4233575.png""></a>"
0.703221047,13,Casey Nelson,1.879518072,"<a href=""http://www.espn.com/nhl/player/_/id/3096177""><img src=""../NHL/images3096177.png""></a>"
0.712906784,80,Cedric Paquette,1.905405405,"<a href=""http://www.espn.com/nhl/player/_/id/3067906""><img src=""../NHL/images3067906.png""></a>"
0.675413022,0,Chad Johnson,1.805194805,"<a href=""http://www.espn.com/nhl/player/_/id/5178""><img src=""../NHL/images5178.png""></a>"
0.818791285,4,Chad Ruhwedel,2.188405797,"<a href=""http://www.espn.com/nhl/player/_/id/3024837""><img src=""../NHL/images3024837.png""></a>"
0.726290516,0,Chandler Stephenson,1.941176471,"<a href=""http://www.espn.com/nhl/player/_/id/3067858""><img src=""../NHL/images3067858.png""></a>"
0.775024295,16,Charles Hudon,2.071428571,"<a href=""http://www.espn.com/nhl/player/_/id/3031654""><img src=""../NHL/images3031654.png""></a>"
0.726290516,20,Charlie Coyle,1.941176471,"<a href=""http://www.espn.com/nhl/player/_/id/2555315""><img src=""../NHL/images2555315.png""></a>"
0.799552698,0,Charlie Lindgren,2.136986301,"<a href=""http://www.espn.com/nhl/player/_/id/3095975""><img src=""../NHL/images3095975.png""></a>"
0.83788445,45,Charlie McAvoy,2.23943662,"<a href=""http://www.espn.com/nhl/player/_/id/3988803""><img src=""../NHL/images3988803.png""></a>"
0.810657596,57,Chris Kreider,2.166666667,"<a href=""http://www.espn.com/nhl/player/_/id/5833""><img src=""../NHL/images5833.png""></a>"
0.787172012,23,Chris Kunitz,2.103896104,"<a href=""http://www.espn.com/nhl/player/_/id/2179""><img src=""../NHL/images2179.png""></a>"
0.653577887,0,Chris Thorburn,1.746835443,"<a href=""http://www.espn.com/nhl/player/_/id/2194""><img src=""../NHL/images2194.png""></a>"
0.878438332,26,Chris Tierney,2.347826087,"<a href=""http://www.espn.com/nhl/player/_/id/3067870""><img src=""../NHL/images3067870.png""></a>"
0.785187314,51,Chris Wagner,2.098591549,"<a href=""http://www.espn.com/nhl/player/_/id/2590833""><img src=""../NHL/images2590833.png""></a>"
0.857426304,4,Christian Djoos,2.291666667,"<a href=""http://www.espn.com/nhl/player/_/id/3069440""><img src=""../NHL/images3069440.png""></a>"
0.830304725,2,Christian Dvorak,2.219178082,"<a href=""http://www.espn.com/nhl/player/_/id/3115035""><img src=""../NHL/images3115035.png""></a>"
0.858963304,27,Christian Fischer,2.295774648,"<a href=""http://www.espn.com/nhl/player/_/id/3904170""><img src=""../NHL/images3904170.png""></a>"
0.758411473,27,Christian Folin,2.027027027,"<a href=""http://www.espn.com/nhl/player/_/id/3024855""><img src=""../NHL/images3024855.png""></a>"
0.890022676,27,Christian Jaros,2.378787879,"<a href=""http://www.espn.com/nhl/player/_/id/3942086""><img src=""../NHL/images3942086.png""></a>"
0.713378685,24,Claude Giroux,1.906666667,"<a href=""http://www.espn.com/nhl/player/_/id/3775""><img src=""../NHL/images3775.png""></a>"
0.876579203,24,Clayton Keller,2.342857143,"<a href=""http://www.espn.com/nhl/player/_/id/4024857""><img src=""../NHL/images4024857.png""></a>"
0.797819128,18,Cody Ceci,2.132352941,"<a href=""http://www.espn.com/nhl/player/_/id/2976843""><img src=""../NHL/images2976843.png""></a>"
0.758411473,16,Cody Eakin,2.027027027,"<a href=""http://www.espn.com/nhl/player/_/id/5237""><img src=""../NHL/images5237.png""></a>"
0.737906274,67,Cody McLeod,1.972222222,"<a href=""http://www.espn.com/nhl/player/_/id/3530""><img src=""../NHL/images3530.png""></a>"
0.840303334,16,Colby Cave,2.245901639,"<a href=""http://www.espn.com/nhl/player/_/id/3069528""><img src=""../NHL/images3069528.png""></a>"
0.753569033,44,Colin Miller,2.014084507,"<a href=""http://www.espn.com/nhl/player/_/id/2590796""><img src=""../NHL/images2590796.png""></a>"
0.844671202,24,Colin White,2.257575758,"<a href=""http://www.espn.com/nhl/player/_/id/3900259""><img src=""../NHL/images3900259.png""></a>"
0.808823529,8,Colin Wilson,2.161764706,"<a href=""http://www.espn.com/nhl/player/_/id/5366""><img src=""../NHL/images5366.png""></a>"
0.839002268,15,Colton Parayko,2.242424242,"<a href=""http://www.espn.com/nhl/player/_/id/3069341""><img src=""../NHL/images3069341.png""></a>"
0.709426628,15,Colton Sceviour,1.896103896,"<a href=""http://www.espn.com/nhl/player/_/id/4985""><img src=""../NHL/images4985.png""></a>"
0.804142553,23,Colton Sissons,2.149253731,"<a href=""http://www.espn.com/nhl/player/_/id/2993474""><img src=""../NHL/images2993474.png""></a>"
0.774281935,19,Connor Carrick,2.069444444,"<a href=""http://www.espn.com/nhl/player/_/id/3067849""><img src=""../NHL/images3067849.png""></a>"
0.871067177,9,Connor Brickley,2.328125,"<a href=""http://www.espn.com/nhl/player/_/id/2590377""><img src=""../NHL/images2590377.png""></a>"
0.780369291,16,Connor Brown,2.085714286,"<a href=""http://www.espn.com/nhl/player/_/id/3067951""><img src=""../NHL/images3067951.png""></a>"
0.826479846,15,Connor Clifton,2.208955224,"<a href=""http://www.espn.com/nhl/player/_/id/3042191""><img src=""../NHL/images3042191.png""></a>"
0.743173982,4,Connor Hellebuyck,1.98630137,"<a href=""http://www.espn.com/nhl/player/_/id/3020225""><img src=""../NHL/images3020225.png""></a>"
0.787981859,20,Connor McDavid,2.106060606,"<a href=""http://www.espn.com/nhl/player/_/id/3895074""><img src=""../NHL/images3895074.png""></a>"
0.832614736,40,Connor Murphy,2.225352113,"<a href=""http://www.espn.com/nhl/player/_/id/2562618""><img src=""../NHL/images2562618.png""></a>"
0.843232816,12,Conor Sheary,2.253731343,"<a href=""http://www.espn.com/nhl/player/_/id/3149827""><img src=""../NHL/images3149827.png""></a>"
0.817784257,0,Corey Crawford,2.185714286,"<a href=""http://www.espn.com/nhl/player/_/id/2339""><img src=""../NHL/images2339.png""></a>"
0.759144237,27,Corey Perry,2.028985507,"<a href=""http://www.espn.com/nhl/player/_/id/2273""><img src=""../NHL/images2273.png""></a>"
0.846153846,0,Cory Schneider,2.261538462,"<a href=""http://www.espn.com/nhl/player/_/id/3750""><img src=""../NHL/images3750.png""></a>"
0.703401361,0,Craig Anderson,1.88,"<a href=""http://www.espn.com/nhl/player/_/id/1929""><img src=""../NHL/images1929.png""></a>"
0.786256532,20,Craig Smith,2.101449275,"<a href=""http://www.espn.com/nhl/player/_/id/2570752""><img src=""../NHL/images2570752.png""></a>"
0.824213743,0,Curtis Lazar,2.202898551,"<a href=""http://www.espn.com/nhl/player/_/id/3042023""><img src=""../NHL/images3042023.png""></a>"
0.742954325,0,Curtis McElhinney,1.985714286,"<a href=""http://www.espn.com/nhl/player/_/id/3187""><img src=""../NHL/images3187.png""></a>"
0.694074731,19,Dale Weise,1.855072464,"<a href=""http://www.espn.com/nhl/player/_/id/5067""><img src=""../NHL/images5067.png""></a>"
0.781876853,8,Dalton Prout,2.08974359,"<a href=""http://www.espn.com/nhl/player/_/id/5528""><img src=""../NHL/images5528.png""></a>"
0.737130673,58,Damon Severson,1.970149254,"<a href=""http://www.espn.com/nhl/player/_/id/3068087""><img src=""../NHL/images3068087.png""></a>"
0.706727135,12,Dan Girardi,1.888888889,"<a href=""http://www.espn.com/nhl/player/_/id/3423""><img src=""../NHL/images3423.png""></a>"
0.712421955,28,Dan Hamhuis,1.904109589,"<a href=""http://www.espn.com/nhl/player/_/id/1466""><img src=""../NHL/images1466.png""></a>"
0.770308123,10,Daniel Sprong,2.058823529,"<a href=""http://www.espn.com/nhl/player/_/id/3904181""><img src=""../NHL/images3904181.png""></a>"
0.765567766,39,Danny DeKeyser,2.046153846,"<a href=""http://www.espn.com/nhl/player/_/id/3025991""><img src=""../NHL/images3025991.png""></a>"
0.813368826,16,Danton Heinen,2.173913043,"<a href=""http://www.espn.com/nhl/player/_/id/3151741""><img src=""../NHL/images3151741.png""></a>"
0.758692366,14,Darcy Kuemper,2.027777778,"<a href=""http://www.espn.com/nhl/player/_/id/2610321""><img src=""../NHL/images2610321.png""></a>"
0.878438332,87,Darnell Nurse,2.347826087,"<a href=""http://www.espn.com/nhl/player/_/id/3041997""><img src=""../NHL/images3041997.png""></a>"
0.727513228,20,Darren Helm,1.944444444,"<a href=""http://www.espn.com/nhl/player/_/id/3521""><img src=""../NHL/images3521.png""></a>"
0.733333333,31,David Backes,1.96,"<a href=""http://www.espn.com/nhl/player/_/id/3301""><img src=""../NHL/images3301.png""></a>"
0.888605442,14,David Kampf,2.375,"<a href=""http://www.espn.com/nhl/player/_/id/4267976""><img src=""../NHL/images4267976.png""></a>"
0.812606293,16,David Krejci,2.171875,"<a href=""http://www.espn.com/nhl/player/_/id/3343""><img src=""../NHL/images3343.png""></a>"
0.826750055,32,David Pastrnak,2.209677419,"<a href=""http://www.espn.com/nhl/player/_/id/3114778""><img src=""../NHL/images3114778.png""></a>"
0.787389583,46,David Perron,2.104477612,"<a href=""http://www.espn.com/nhl/player/_/id/3792""><img src=""../NHL/images3792.png""></a>"
0.767486482,4,David Rittich,2.051282051,"<a href=""http://www.espn.com/nhl/player/_/id/4063288""><img src=""../NHL/images4063288.png""></a>"
0.774647887,36,David Savard,2.070422535,"<a href=""http://www.espn.com/nhl/player/_/id/5427""><img src=""../NHL/images5427.png""></a>"
0.79442736,6,Dean Kukan,2.123287671,"<a href=""http://www.espn.com/nhl/player/_/id/3899730""><img src=""../NHL/images3899730.png""></a>"
0.819827931,14,Denis Malgin,2.191176471,"<a href=""http://www.espn.com/nhl/player/_/id/3942715""><img src=""../NHL/images3942715.png""></a>"
0.783932621,0,Dennis Seidenberg,2.095238095,"<a href=""http://www.espn.com/nhl/player/_/id/2001""><img src=""../NHL/images2001.png""></a>"
0.74829932,52,Derek Forbort,2,"<a href=""http://www.espn.com/nhl/player/_/id/5829""><img src=""../NHL/images5829.png""></a>"
0.800104657,14,Derek Grant,2.138461538,"<a href=""http://www.espn.com/nhl/player/_/id/2525884""><img src=""../NHL/images2525884.png""></a>"
0.727797969,0,Derek MacKenzie,1.945205479,"<a href=""http://www.espn.com/nhl/player/_/id/1446""><img src=""../NHL/images1446.png""></a>"
0.920040147,24,Derek Ryan,2.459016393,"<a href=""http://www.espn.com/nhl/player/_/id/3902133""><img src=""../NHL/images3902133.png""></a>"
0.812439261,14,Derek Stepan,2.171428571,"<a href=""http://www.espn.com/nhl/player/_/id/5731""><img src=""../NHL/images5731.png""></a>"
0.782836211,39,Derick Brassard,2.092307692,"<a href=""http://www.espn.com/nhl/player/_/id/3506""><img src=""../NHL/images3506.png""></a>"
0.699708455,30,Derrick Pouliot,1.87012987,"<a href=""http://www.espn.com/nhl/player/_/id/2976834""><img src=""../NHL/images2976834.png""></a>"
0.703992123,18,Deryk Engelland,1.881578947,"<a href=""http://www.espn.com/nhl/player/_/id/2207""><img src=""../NHL/images2207.png""></a>"
0.769378174,2,Devan Dubnyk,2.056338028,"<a href=""http://www.espn.com/nhl/player/_/id/3242""><img src=""../NHL/images3242.png""></a>"
0.858963304,15,Devante Smith-Pelly,2.295774648,"<a href=""http://www.espn.com/nhl/player/_/id/5542""><img src=""../NHL/images5542.png""></a>"
0.838819399,13,Devin Shore,2.241935484,"<a href=""http://www.espn.com/nhl/player/_/id/3069353""><img src=""../NHL/images3069353.png""></a>"
0.758276644,4,Devon Toews,2.026666667,"<a href=""http://www.espn.com/nhl/player/_/id/3096249""><img src=""../NHL/images3096249.png""></a>"
0.863845538,4,Dillon Dube,2.308823529,"<a href=""http://www.espn.com/nhl/player/_/id/4063268""><img src=""../NHL/images4063268.png""></a>"
0.789871504,0,Dillon Heatherington,2.111111111,"<a href=""http://www.espn.com/nhl/player/_/id/3042040""><img src=""../NHL/images3042040.png""></a>"
0.738453276,53,Dion Phaneuf,1.973684211,"<a href=""http://www.espn.com/nhl/player/_/id/2282""><img src=""../NHL/images2282.png""></a>"
0.802523908,6,Dmitrij Jaskin,2.144927536,"<a href=""http://www.espn.com/nhl/player/_/id/2563053""><img src=""../NHL/images2563053.png""></a>"
0.811535882,47,Dmitry Kulikov,2.169014085,"<a href=""http://www.espn.com/nhl/player/_/id/5328""><img src=""../NHL/images5328.png""></a>"
0.808348031,33,Dmitry Orlov,2.160493827,"<a href=""http://www.espn.com/nhl/player/_/id/5646""><img src=""../NHL/images5646.png""></a>"
0.74829932,6,Dominik Kahun,2,"<a href=""http://www.espn.com/nhl/player/_/id/4294651""><img src=""../NHL/images4294651.png""></a>"
0.820895522,18,Dominik Simon,2.194029851,"<a href=""http://www.espn.com/nhl/player/_/id/3913226""><img src=""../NHL/images3913226.png""></a>"
0.862958086,54,Dougie Hamilton,2.306451613,"<a href=""http://www.espn.com/nhl/player/_/id/2562605""><img src=""../NHL/images2562605.png""></a>"
0.807688155,28,Drake Caggiula,2.158730159,"<a href=""http://www.espn.com/nhl/player/_/id/3025590""><img src=""../NHL/images3025590.png""></a>"
0.779917601,44,Drew Doughty,2.084507042,"<a href=""http://www.espn.com/nhl/player/_/id/3995""><img src=""../NHL/images3995.png""></a>"
#N/A,18,Drew Stafford,#N/A,"<a href=""http://www.espn.com/nhl/player/_/id/3327""><img src=""../NHL/images3327.png""></a>"
0.74829932,70,Duncan Keith,2,"<a href=""http://www.espn.com/nhl/player/_/id/2306""><img src=""../NHL/images2306.png""></a>"
0.804678036,24,Dustin Brown,2.150684932,"<a href=""http://www.espn.com/nhl/player/_/id/2288""><img src=""../NHL/images2288.png""></a>"
0.833819242,69,Dustin Byfuglien,2.228571429,"<a href=""http://www.espn.com/nhl/player/_/id/3070""><img src=""../NHL/images3070.png""></a>"
0.825330132,2,Dylan Gambrell,2.205882353,"<a href=""http://www.espn.com/nhl/player/_/id/3988778""><img src=""../NHL/images3988778.png""></a>"
0.863422292,32,Dylan DeMelo,2.307692308,"<a href=""http://www.espn.com/nhl/player/_/id/2590861""><img src=""../NHL/images2590861.png""></a>"
0.803321329,75,Dylan Larkin,2.147058824,"<a href=""http://www.espn.com/nhl/player/_/id/3114755""><img src=""../NHL/images3114755.png""></a>"
0.820054049,4,Dylan McIlrath,2.191780822,"<a href=""http://www.espn.com/nhl/player/_/id/5834""><img src=""../NHL/images5834.png""></a>"
0.758276644,20,Dylan Strome,2.026666667,"<a href=""http://www.espn.com/nhl/player/_/id/3899933""><img src=""../NHL/images3899933.png""></a>"
0.84048112,6,Egor Yakovlev,2.246376812,"<a href=""http://www.espn.com/nhl/player/_/id/4297649""><img src=""../NHL/images4297649.png""></a>"
0.764805922,20,Elias Lindholm,2.044117647,"<a href=""http://www.espn.com/nhl/player/_/id/3041994""><img src=""../NHL/images3041994.png""></a>"
0.753355396,12,Elias Pettersson,2.013513514,"<a href=""http://www.espn.com/nhl/player/_/id/4233566""><img src=""../NHL/images4233566.png""></a>"
0.753495843,0,Eric Comrie,2.013888889,"<a href=""http://www.espn.com/nhl/player/_/id/3042057""><img src=""../NHL/images3042057.png""></a>"
0.814928711,30,Eric Fehr,2.178082192,"<a href=""http://www.espn.com/nhl/player/_/id/2290""><img src=""../NHL/images2290.png""></a>"
0.833106576,0,Eric Robinson,2.226666667,"<a href=""http://www.espn.com/nhl/player/_/id/4319879""><img src=""../NHL/images4319879.png""></a>"
0.849260339,34,Eric Staal,2.26984127,"<a href=""http://www.espn.com/nhl/player/_/id/2378""><img src=""../NHL/images2378.png""></a>"
0.758838747,22,Erik Karlsson,2.028169014,"<a href=""http://www.espn.com/nhl/player/_/id/5164""><img src=""../NHL/images5164.png""></a>"
0.705128205,34,Erik Gustafsson,1.884615385,"<a href=""http://www.espn.com/nhl/player/_/id/3891922""><img src=""../NHL/images3891922.png""></a>"
0.73313109,10,Erik Haula,1.959459459,"<a href=""http://www.espn.com/nhl/player/_/id/2593311""><img src=""../NHL/images2593311.png""></a>"
0.798185941,38,Erik Johnson,2.133333333,"<a href=""http://www.espn.com/nhl/player/_/id/3649""><img src=""../NHL/images3649.png""></a>"
0.75898931,33,Esa Lindell,2.028571429,"<a href=""http://www.espn.com/nhl/player/_/id/3069352""><img src=""../NHL/images3069352.png""></a>"
0.758411473,25,Evan Rodrigues,2.027027027,"<a href=""http://www.espn.com/nhl/player/_/id/3648008""><img src=""../NHL/images3648008.png""></a>"
0.711923658,153,Evander Kane,1.902777778,"<a href=""http://www.espn.com/nhl/player/_/id/5251""><img src=""../NHL/images5251.png""></a>"
0.790457028,89,Evgeni Malkin,2.112676056,"<a href=""http://www.espn.com/nhl/player/_/id/3124""><img src=""../NHL/images3124.png""></a>"
0.791059281,8,Evgenii Dadonov,2.114285714,"<a href=""http://www.espn.com/nhl/player/_/id/4969""><img src=""../NHL/images4969.png""></a>"
0.827067669,50,Evgeny Kuznetsov,2.210526316,"<a href=""http://www.espn.com/nhl/player/_/id/5647""><img src=""../NHL/images5647.png""></a>"
0.810657596,8,Filip Chytil,2.166666667,"<a href=""http://www.espn.com/nhl/player/_/id/4233643""><img src=""../NHL/images4233643.png""></a>"
0.76410846,26,Filip Forsberg,2.042253521,"<a href=""http://www.espn.com/nhl/player/_/id/2968772""><img src=""../NHL/images2968772.png""></a>"
0.848817139,38,Frank Vatrano,2.268656716,"<a href=""http://www.espn.com/nhl/player/_/id/3527554""><img src=""../NHL/images3527554.png""></a>"
0.806760204,14,Frans Nielsen,2.15625,"<a href=""http://www.espn.com/nhl/player/_/id/3367""><img src=""../NHL/images3367.png""></a>"
0.727797969,2,Frederick Gaudreau,1.945205479,"<a href=""http://www.espn.com/nhl/player/_/id/3149649""><img src=""../NHL/images3149649.png""></a>"
0.800104657,2,Frederik Andersen,2.138461538,"<a href=""http://www.espn.com/nhl/player/_/id/2517899""><img src=""../NHL/images2517899.png""></a>"
0.731292517,12,Frederik Gauthier,1.954545455,"<a href=""http://www.espn.com/nhl/player/_/id/3042039""><img src=""../NHL/images3042039.png""></a>"
0.796267225,9,Fredrik Claesson,2.128205128,"<a href=""http://www.espn.com/nhl/player/_/id/2564148""><img src=""../NHL/images2564148.png""></a>"
0.763675333,10,Gabriel Bourque,2.04109589,"<a href=""http://www.espn.com/nhl/player/_/id/5185""><img src=""../NHL/images5185.png""></a>"
0.777837451,51,Gabriel Landeskog,2.078947368,"<a href=""http://www.espn.com/nhl/player/_/id/2562609""><img src=""../NHL/images2562609.png""></a>"
0.792973906,56,Garnet Hathaway,2.119402985,"<a href=""http://www.espn.com/nhl/player/_/id/3149633""><img src=""../NHL/images3149633.png""></a>"
0.653514739,0,Garret Sparks,1.746666667,"<a href=""http://www.espn.com/nhl/player/_/id/2590569""><img src=""../NHL/images2590569.png""></a>"
0.738945578,18,Garrett Wilson,1.975,"<a href=""http://www.espn.com/nhl/player/_/id/5337""><img src=""../NHL/images5337.png""></a>"
0.811616954,8,Greg McKegg,2.169230769,"<a href=""http://www.espn.com/nhl/player/_/id/3965273""><img src=""../NHL/images3965273.png""></a>"
0.783932621,41,Greg Pateryn,2.095238095,"<a href=""http://www.espn.com/nhl/player/_/id/4924""><img src=""../NHL/images4924.png""></a>"
0.758276644,0,Guillaume Brisebois,2.026666667,"<a href=""http://www.espn.com/nhl/player/_/id/3942866""><img src=""../NHL/images3942866.png""></a>"
0.780834073,12,Gustav Nyquist,2.086956522,"<a href=""http://www.espn.com/nhl/player/_/id/5823""><img src=""../NHL/images5823.png""></a>"
0.743563248,30,Gustav Forsling,1.987341772,"<a href=""http://www.espn.com/nhl/player/_/id/3151784""><img src=""../NHL/images3151784.png""></a>"
0.819827931,44,Hampus Lindholm,2.191176471,"<a href=""http://www.espn.com/nhl/player/_/id/2968818""><img src=""../NHL/images2968818.png""></a>"
0.8288854,2,Haydn Fleury,2.215384615,"<a href=""http://www.espn.com/nhl/player/_/id/3114735""><img src=""../NHL/images3114735.png""></a>"
0.821050642,4,Henrik Borgstrom,2.194444444,"<a href=""http://www.espn.com/nhl/player/_/id/4024977""><img src=""../NHL/images4024977.png""></a>"
0.69286974,0,Henrik Lundqvist,1.851851852,"<a href=""http://www.espn.com/nhl/player/_/id/3081""><img src=""../NHL/images3081.png""></a>"
0.706727135,115,Ian Cole,1.888888889,"<a href=""http://www.espn.com/nhl/player/_/id/4991""><img src=""../NHL/images4991.png""></a>"
0.759637188,8,Ian McCoshen,2.03030303,"<a href=""http://www.espn.com/nhl/player/_/id/3041989""><img src=""../NHL/images3041989.png""></a>"
0.743029606,14,Igor Ozhiganov,1.985915493,"<a href=""http://www.espn.com/nhl/player/_/id/4340228""><img src=""../NHL/images4340228.png""></a>"
0.709426628,10,Ilya Kovalchuk,1.896103896,"<a href=""http://www.espn.com/nhl/player/_/id/1175""><img src=""../NHL/images1175.png""></a>"
0.729112158,13,Ilya Lyubushkin,1.948717949,"<a href=""http://www.espn.com/nhl/player/_/id/4342107""><img src=""../NHL/images4342107.png""></a>"
0.782312925,17,Ivan Barbashev,2.090909091,"<a href=""http://www.espn.com/nhl/player/_/id/3114985""><img src=""../NHL/images3114985.png""></a>"
0.732709751,32,Ivan Provorov,1.958333333,"<a href=""http://www.espn.com/nhl/player/_/id/3899939""><img src=""../NHL/images3899939.png""></a>"
0.732264334,30,J.T. Miller,1.957142857,"<a href=""http://www.espn.com/nhl/player/_/id/2590852""><img src=""../NHL/images2590852.png""></a>"
0.819827931,29,J.T. Brown,2.191176471,"<a href=""http://www.espn.com/nhl/player/_/id/2952877""><img src=""../NHL/images2952877.png""></a>"
0.835058661,31,J.T. Compher,2.231884058,"<a href=""http://www.espn.com/nhl/player/_/id/3041995""><img src=""../NHL/images3041995.png""></a>"
0.806760204,18,Jaccob Slavin,2.15625,"<a href=""http://www.espn.com/nhl/player/_/id/3069836""><img src=""../NHL/images3069836.png""></a>"
0.743173982,0,Jack Campbell,1.98630137,"<a href=""http://www.espn.com/nhl/player/_/id/5473""><img src=""../NHL/images5473.png""></a>"
0.898998488,26,Jack Eichel,2.402777778,"<a href=""http://www.espn.com/nhl/player/_/id/3648002""><img src=""../NHL/images3648002.png""></a>"
0.7696793,41,Jack Johnson,2.057142857,"<a href=""http://www.espn.com/nhl/player/_/id/3583""><img src=""../NHL/images3583.png""></a>"
0.804988662,4,Jack Roslovic,2.151515152,"<a href=""http://www.espn.com/nhl/player/_/id/3904098""><img src=""../NHL/images3904098.png""></a>"
0.806266168,16,Jacob de la Rose,2.154929577,"<a href=""http://www.espn.com/nhl/player/_/id/3041993""><img src=""../NHL/images3041993.png""></a>"
0.705128205,2,Jacob Markstrom,1.884615385,"<a href=""http://www.espn.com/nhl/player/_/id/5452""><img src=""../NHL/images5452.png""></a>"
0.74829932,16,Jaden Schwartz,2,"<a href=""http://www.espn.com/nhl/player/_/id/5835""><img src=""../NHL/images5835.png""></a>"
0.704567541,0,Jake Allen,1.883116883,"<a href=""http://www.espn.com/nhl/player/_/id/5111""><img src=""../NHL/images5111.png""></a>"
0.871234208,2,Jake Bean,2.328571429,"<a href=""http://www.espn.com/nhl/player/_/id/4024916""><img src=""../NHL/images4024916.png""></a>"
0.926173748,18,Jake DeBrusk,2.475409836,"<a href=""http://www.espn.com/nhl/player/_/id/3900240""><img src=""../NHL/images3900240.png""></a>"
0.787981859,26,Jake Gardiner,2.106060606,"<a href=""http://www.espn.com/nhl/player/_/id/5830""><img src=""../NHL/images5830.png""></a>"
0.863845538,26,Jake Guentzel,2.308823529,"<a href=""http://www.espn.com/nhl/player/_/id/3042083""><img src=""../NHL/images3042083.png""></a>"
0.773579702,35,Jake McCabe,2.067567568,"<a href=""http://www.espn.com/nhl/player/_/id/3020803""><img src=""../NHL/images3020803.png""></a>"
0.792316927,47,Jake Muzzin,2.117647059,"<a href=""http://www.espn.com/nhl/player/_/id/4906""><img src=""../NHL/images4906.png""></a>"
0.79442736,44,Jake Virtanen,2.123287671,"<a href=""http://www.espn.com/nhl/player/_/id/3114734""><img src=""../NHL/images3114734.png""></a>"
0.843232816,28,Jakob Chychrun,2.253731343,"<a href=""http://www.espn.com/nhl/player/_/id/4024950""><img src=""../NHL/images4024950.png""></a>"
0.859985785,28,Jakob Silfverberg,2.298507463,"<a href=""http://www.espn.com/nhl/player/_/id/2590549""><img src=""../NHL/images2590549.png""></a>"
0.799319728,25,Jakub Voracek,2.136363636,"<a href=""http://www.espn.com/nhl/player/_/id/3781""><img src=""../NHL/images3781.png""></a>"
0.827067669,27,Jakub Vrana,2.210526316,"<a href=""http://www.espn.com/nhl/player/_/id/3114747""><img src=""../NHL/images3114747.png""></a>"
0.771323914,28,James Neal,2.061538462,"<a href=""http://www.espn.com/nhl/player/_/id/3227""><img src=""../NHL/images3227.png""></a>"
0.758549995,0,James Reimer,2.02739726,"<a href=""http://www.espn.com/nhl/player/_/id/3870""><img src=""../NHL/images3870.png""></a>"
0.810657596,18,James van Riemsdyk,2.166666667,"<a href=""http://www.espn.com/nhl/player/_/id/3822""><img src=""../NHL/images3822.png""></a>"
0.873015873,6,Jamie McGinn,2.333333333,"<a href=""http://www.espn.com/nhl/player/_/id/3652""><img src=""../NHL/images3652.png""></a>"
0.781805259,45,Jamie Oleksiak,2.089552239,"<a href=""http://www.espn.com/nhl/player/_/id/2562625""><img src=""../NHL/images2562625.png""></a>"
0.77324263,16,Jan Rutta,2.066666667,"<a href=""http://www.espn.com/nhl/player/_/id/4230583""><img src=""../NHL/images4230583.png""></a>"
0.808823529,31,Jared McCann,2.161764706,"<a href=""http://www.espn.com/nhl/player/_/id/3114777""><img src=""../NHL/images3114777.png""></a>"
0.743102797,20,Jared Spurgeon,1.986111111,"<a href=""http://www.espn.com/nhl/player/_/id/5079""><img src=""../NHL/images5079.png""></a>"
0.718761189,0,Jaroslav Halak,1.921052632,"<a href=""http://www.espn.com/nhl/player/_/id/3116""><img src=""../NHL/images3116.png""></a>"
0.763265306,12,Jason Demers,2.04,"<a href=""http://www.espn.com/nhl/player/_/id/5125""><img src=""../NHL/images5125.png""></a>"
0.858704137,23,Jason Dickinson,2.295081967,"<a href=""http://www.espn.com/nhl/player/_/id/3042062""><img src=""../NHL/images3042062.png""></a>"
0.753222342,4,Jason Pominville,2.013157895,"<a href=""http://www.espn.com/nhl/player/_/id/1531""><img src=""../NHL/images1531.png""></a>"
0.717120181,29,Jason Spezza,1.916666667,"<a href=""http://www.espn.com/nhl/player/_/id/1183""><img src=""../NHL/images1183.png""></a>"
0.74829932,28,Jason Zucker,2,"<a href=""http://www.espn.com/nhl/player/_/id/2593315""><img src=""../NHL/images2593315.png""></a>"
0.76410846,18,Jay Beagle,2.042253521,"<a href=""http://www.espn.com/nhl/player/_/id/3879""><img src=""../NHL/images3879.png""></a>"
0.737906274,40,Jay Bouwmeester,1.972222222,"<a href=""http://www.espn.com/nhl/player/_/id/1565""><img src=""../NHL/images1565.png""></a>"
0.79167899,14,Jean-Gabriel Pageau,2.115942029,"<a href=""http://www.espn.com/nhl/player/_/id/2593131""><img src=""../NHL/images2593131.png""></a>"
0.694849368,42,Jeff Carter,1.857142857,"<a href=""http://www.espn.com/nhl/player/_/id/2383""><img src=""../NHL/images2383.png""></a>"
0.807094266,28,Jeff Petry,2.157142857,"<a href=""http://www.espn.com/nhl/player/_/id/5407""><img src=""../NHL/images5407.png""></a>"
0.792031098,36,Jeff Skinner,2.116883117,"<a href=""http://www.espn.com/nhl/player/_/id/5540""><img src=""../NHL/images5540.png""></a>"
0.869178441,6,Jesper Bratt,2.323076923,"<a href=""http://www.espn.com/nhl/player/_/id/4268771""><img src=""../NHL/images4268771.png""></a>"
0.799552698,26,Jesper Fast,2.136986301,"<a href=""http://www.espn.com/nhl/player/_/id/2590847""><img src=""../NHL/images2590847.png""></a>"
0.845680738,26,Jesperi Kotkaniemi,2.260273973,"<a href=""http://www.espn.com/nhl/player/_/id/4352692""><img src=""../NHL/images4352692.png""></a>"
0.828036132,16,Jesse Puljujarvi,2.213114754,"<a href=""http://www.espn.com/nhl/player/_/id/4024839""><img src=""../NHL/images4024839.png""></a>"
0.712421955,2,Jimmy Howard,1.904109589,"<a href=""http://www.espn.com/nhl/player/_/id/3170""><img src=""../NHL/images3170.png""></a>"
0.797101449,21,Jimmy Vesey,2.130434783,"<a href=""http://www.espn.com/nhl/player/_/id/3069397""><img src=""../NHL/images3069397.png""></a>"
0.824213743,15,Joakim Ryan,2.202898551,"<a href=""http://www.espn.com/nhl/player/_/id/3069521""><img src=""../NHL/images3069521.png""></a>"
0.727513228,13,Joakim Nordstrom,1.944444444,"<a href=""http://www.espn.com/nhl/player/_/id/5756""><img src=""../NHL/images5756.png""></a>"
0.828036132,22,Joe Pavelski,2.213114754,"<a href=""http://www.espn.com/nhl/player/_/id/3451""><img src=""../NHL/images3451.png""></a>"
0.628036929,20,Joe Thornton,1.678571429,"<a href=""http://www.espn.com/nhl/player/_/id/939""><img src=""../NHL/images939.png""></a>"
0.682570325,20,Joe Morrow,1.824324324,"<a href=""http://www.espn.com/nhl/player/_/id/2562617""><img src=""../NHL/images2562617.png""></a>"
0.785714286,14,Joel Armia,2.1,"<a href=""http://www.espn.com/nhl/player/_/id/2562596""><img src=""../NHL/images2562596.png""></a>"
0.722672631,68,Joel Edmundson,1.931506849,"<a href=""http://www.espn.com/nhl/player/_/id/2563034""><img src=""../NHL/images2563034.png""></a>"
0.834641549,20,Joel Eriksson Ek,2.230769231,"<a href=""http://www.espn.com/nhl/player/_/id/3904091""><img src=""../NHL/images3904091.png""></a>"
0.781805259,2,Joel Hanley,2.089552239,"<a href=""http://www.espn.com/nhl/player/_/id/3149612""><img src=""../NHL/images3149612.png""></a>"
0.86707699,6,Joey Anderson,2.317460317,"<a href=""http://www.espn.com/nhl/player/_/id/4197161""><img src=""../NHL/images4197161.png""></a>"
0.86707699,2,Joey Anderson,2.317460317,"<a href=""http://www.espn.com/nhl/player/_/id/4197161""><img src=""../NHL/images4197161.png""></a>"
0.816805595,37,Johan Larsson,2.183098592,"<a href=""http://www.espn.com/nhl/player/_/id/2593312""><img src=""../NHL/images2593312.png""></a>"
0.80026455,34,John Carlson,2.138888889,"<a href=""http://www.espn.com/nhl/player/_/id/5118""><img src=""../NHL/images5118.png""></a>"
0.742954325,2,John Gibson,1.985714286,"<a href=""http://www.espn.com/nhl/player/_/id/2590824""><img src=""../NHL/images2590824.png""></a>"
0.75286212,27,John Hayden,2.012195122,"<a href=""http://www.espn.com/nhl/player/_/id/3042080""><img src=""../NHL/images3042080.png""></a>"
0.819565922,12,John Klingberg,2.19047619,"<a href=""http://www.espn.com/nhl/player/_/id/2590751""><img src=""../NHL/images2590751.png""></a>"
0.73154635,26,John Moore,1.955223881,"<a href=""http://www.espn.com/nhl/player/_/id/5204""><img src=""../NHL/images5204.png""></a>"
0.707850708,34,John Tavares,1.891891892,"<a href=""http://www.espn.com/nhl/player/_/id/5160""><img src=""../NHL/images5160.png""></a>"
0.795726741,25,Johnny Boychuk,2.126760563,"<a href=""http://www.espn.com/nhl/player/_/id/2072""><img src=""../NHL/images2072.png""></a>"
0.769989155,24,Johnny Gaudreau,2.057971014,"<a href=""http://www.espn.com/nhl/player/_/id/2563039""><img src=""../NHL/images2563039.png""></a>"
0.846436935,0,Jon Gillies,2.262295082,"<a href=""http://www.espn.com/nhl/player/_/id/3068664""><img src=""../NHL/images3068664.png""></a>"
0.706727135,53,Jon Merrill,1.888888889,"<a href=""http://www.espn.com/nhl/player/_/id/3059403""><img src=""../NHL/images3059403.png""></a>"
0.764334305,30,Jonas Brodin,2.042857143,"<a href=""http://www.espn.com/nhl/player/_/id/2562600""><img src=""../NHL/images2562600.png""></a>"
0.777080063,6,Jonathan Quick,2.076923077,"<a href=""http://www.espn.com/nhl/player/_/id/3634""><img src=""../NHL/images3634.png""></a>"
0.770636613,0,Jonathan Bernier,2.059701493,"<a href=""http://www.espn.com/nhl/player/_/id/3533""><img src=""../NHL/images3533.png""></a>"
0.816805595,26,Jonathan Drouin,2.183098592,"<a href=""http://www.espn.com/nhl/player/_/id/3041971""><img src=""../NHL/images3041971.png""></a>"
0.75898931,35,Jonathan Ericsson,2.028571429,"<a href=""http://www.espn.com/nhl/player/_/id/3355""><img src=""../NHL/images3355.png""></a>"
0.839002268,40,Jonathan Huberdeau,2.242424242,"<a href=""http://www.espn.com/nhl/player/_/id/2562606""><img src=""../NHL/images2562606.png""></a>"
0.837382572,40,Jonathan Toews,2.238095238,"<a href=""http://www.espn.com/nhl/player/_/id/3669""><img src=""../NHL/images3669.png""></a>"
0.882759354,2,Jonny Brodzinski,2.359375,"<a href=""http://www.espn.com/nhl/player/_/id/3025614""><img src=""../NHL/images3025614.png""></a>"
0.718761189,10,Joonas Donskoi,1.921052632,"<a href=""http://www.espn.com/nhl/player/_/id/2590379""><img src=""../NHL/images2590379.png""></a>"
0.743440233,0,Joonas Korpisalo,1.987012987,"<a href=""http://www.espn.com/nhl/player/_/id/3069266""><img src=""../NHL/images3069266.png""></a>"
0.738048644,0,Jordan Binnington,1.97260274,"<a href=""http://www.espn.com/nhl/player/_/id/2590874""><img src=""../NHL/images2590874.png""></a>"
0.769989155,17,Jordan Eberle,2.057971014,"<a href=""http://www.espn.com/nhl/player/_/id/5032""><img src=""../NHL/images5032.png""></a>"
0.824298469,29,Jordan Greenway,2.203125,"<a href=""http://www.espn.com/nhl/player/_/id/3900260""><img src=""../NHL/images3900260.png""></a>"
0.853528912,38,Jordan Martinook,2.28125,"<a href=""http://www.espn.com/nhl/player/_/id/2989376""><img src=""../NHL/images2989376.png""></a>"
0.758017493,12,Jordan Oesterle,2.025974026,"<a href=""http://www.espn.com/nhl/player/_/id/3097115""><img src=""../NHL/images3097115.png""></a>"
0.792316927,26,Jordan Staal,2.117647059,"<a href=""http://www.espn.com/nhl/player/_/id/3541""><img src=""../NHL/images3541.png""></a>"
0.817784257,18,Jordan Weal,2.185714286,"<a href=""http://www.espn.com/nhl/player/_/id/5557""><img src=""../NHL/images5557.png""></a>"
0.811616954,39,Jordie Benn,2.169230769,"<a href=""http://www.espn.com/nhl/player/_/id/5461""><img src=""../NHL/images5461.png""></a>"
0.849854227,15,Josh Archibald,2.271428571,"<a href=""http://www.espn.com/nhl/player/_/id/2591154""><img src=""../NHL/images2591154.png""></a>"
0.764805922,21,Josh Bailey,2.044117647,"<a href=""http://www.espn.com/nhl/player/_/id/5056""><img src=""../NHL/images5056.png""></a>"
0.702794631,32,Josh Leivo,1.878378378,"<a href=""http://www.espn.com/nhl/player/_/id/2590559""><img src=""../NHL/images2590559.png""></a>"
0.81432573,14,Josh Morrissey,2.176470588,"<a href=""http://www.espn.com/nhl/player/_/id/3042016""><img src=""../NHL/images3042016.png""></a>"
0.759991497,43,Jujhar Khaira,2.03125,"<a href=""http://www.espn.com/nhl/player/_/id/3068670""><img src=""../NHL/images3068670.png""></a>"
0.805860806,10,Julius Honka,2.153846154,"<a href=""http://www.espn.com/nhl/player/_/id/3114754""><img src=""../NHL/images3114754.png""></a>"
0.715146818,35,Justin Braun,1.911392405,"<a href=""http://www.espn.com/nhl/player/_/id/5470""><img src=""../NHL/images5470.png""></a>"
0.77324263,38,Justin Abdelkader,2.066666667,"<a href=""http://www.espn.com/nhl/player/_/id/3898""><img src=""../NHL/images3898.png""></a>"
0.814028314,2,Justin Bailey,2.175675676,"<a href=""http://www.espn.com/nhl/player/_/id/3042043""><img src=""../NHL/images3042043.png""></a>"
0.709924996,0,Justin Dowling,1.897435897,"<a href=""http://www.espn.com/nhl/player/_/id/3067879""><img src=""../NHL/images3067879.png""></a>"
0.718367347,47,Justin Faulk,1.92,"<a href=""http://www.espn.com/nhl/player/_/id/5746""><img src=""../NHL/images5746.png""></a>"
0.781312525,2,Justin Holl,2.088235294,"<a href=""http://www.espn.com/nhl/player/_/id/5763""><img src=""../NHL/images5763.png""></a>"
0.764334305,4,Justin Schultz,2.042857143,"<a href=""http://www.espn.com/nhl/player/_/id/2501067""><img src=""../NHL/images2501067.png""></a>"
0.770636613,44,Justin Williams,2.059701493,"<a href=""http://www.espn.com/nhl/player/_/id/1023""><img src=""../NHL/images1023.png""></a>"
0.707850708,0,Juuse Saros,1.891891892,"<a href=""http://www.espn.com/nhl/player/_/id/3042109""><img src=""../NHL/images3042109.png""></a>"
0.764805922,12,Juuso Valimaki,2.044117647,"<a href=""http://www.espn.com/nhl/player/_/id/4233611""><img src=""../NHL/images4233611.png""></a>"
0.929705215,2,Karson Kuhlman,2.484848485,"<a href=""http://www.espn.com/nhl/player/_/id/3652602""><img src=""../NHL/images3652602.png""></a>"
0.911989796,27,Kasperi Kapanen,2.4375,"<a href=""http://www.espn.com/nhl/player/_/id/3114775""><img src=""../NHL/images3114775.png""></a>"
0.759144237,0,Keith Kinkaid,2.028985507,"<a href=""http://www.espn.com/nhl/player/_/id/2557840""><img src=""../NHL/images2557840.png""></a>"
0.742876861,50,Keith Yandle,1.985507246,"<a href=""http://www.espn.com/nhl/player/_/id/3330""><img src=""../NHL/images3330.png""></a>"
0.753355396,34,Kenny Agostino,2.013513514,"<a href=""http://www.espn.com/nhl/player/_/id/2591153""><img src=""../NHL/images2591153.png""></a>"
0.834641549,35,Kevan Miller,2.230769231,"<a href=""http://www.espn.com/nhl/player/_/id/2956552""><img src=""../NHL/images2956552.png""></a>"
0.536974049,36,Kevin Labanc,1.435185185,"<a href=""http://www.espn.com/nhl/player/_/id/3151792""><img src=""../NHL/images3151792.png""></a>"
0.823129252,15,Kevin Rooney,2.2,"<a href=""http://www.espn.com/nhl/player/_/id/3096235""><img src=""../NHL/images3096235.png""></a>"
0.876738755,22,Kevin Connauton,2.343283582,"<a href=""http://www.espn.com/nhl/player/_/id/5265""><img src=""../NHL/images5265.png""></a>"
0.85600907,36,Kevin Fiala,2.287878788,"<a href=""http://www.espn.com/nhl/player/_/id/3114743""><img src=""../NHL/images3114743.png""></a>"
0.84048112,4,Kevin Gravel,2.246376812,"<a href=""http://www.espn.com/nhl/player/_/id/3025602""><img src=""../NHL/images3025602.png""></a>"
0.665694849,12,Kevin Hayes,1.779220779,"<a href=""http://www.espn.com/nhl/player/_/id/5767""><img src=""../NHL/images5767.png""></a>"
0.84048112,20,Kevin Shattenkirk,2.246376812,"<a href=""http://www.espn.com/nhl/player/_/id/5008""><img src=""../NHL/images5008.png""></a>"
0.753222342,8,Korbinian Holzer,2.013157895,"<a href=""http://www.espn.com/nhl/player/_/id/5507""><img src=""../NHL/images5507.png""></a>"
0.709426628,48,Kris Letang,1.896103896,"<a href=""http://www.espn.com/nhl/player/_/id/3539""><img src=""../NHL/images3539.png""></a>"
0.705539359,27,Kris Russell,1.885714286,"<a href=""http://www.espn.com/nhl/player/_/id/3425""><img src=""../NHL/images3425.png""></a>"
0.782760473,59,Kurtis Gabriel,2.092105263,"<a href=""http://www.espn.com/nhl/player/_/id/3042087""><img src=""../NHL/images3042087.png""></a>"
0.784176684,42,Kyle Palmieri,2.095890411,"<a href=""http://www.espn.com/nhl/player/_/id/5517""><img src=""../NHL/images5517.png""></a>"
0.785714286,33,Kyle Brodziak,2.1,"<a href=""http://www.espn.com/nhl/player/_/id/2478""><img src=""../NHL/images2478.png""></a>"
0.887812752,18,Kyle Connor,2.372881356,"<a href=""http://www.espn.com/nhl/player/_/id/3899952""><img src=""../NHL/images3899952.png""></a>"
0.821902532,41,Kyle Okposo,2.196721311,"<a href=""http://www.espn.com/nhl/player/_/id/3859""><img src=""../NHL/images3859.png""></a>"
0.697045942,33,Kyle Turris,1.863013699,"<a href=""http://www.espn.com/nhl/player/_/id/3892""><img src=""../NHL/images3892.png""></a>"
0.683631477,0,Landon Bow,1.827160494,"<a href=""http://www.espn.com/nhl/player/_/id/4272107""><img src=""../NHL/images4272107.png""></a>"
0.773579702,37,Lars Eller,2.067567568,"<a href=""http://www.espn.com/nhl/player/_/id/3946""><img src=""../NHL/images3946.png""></a>"
0.807094266,0,Laurent Brossoit,2.157142857,"<a href=""http://www.espn.com/nhl/player/_/id/3026526""><img src=""../NHL/images3026526.png""></a>"
0.816805595,67,Lawson Crouse,2.183098592,"<a href=""http://www.espn.com/nhl/player/_/id/3899951""><img src=""../NHL/images3899951.png""></a>"
0.685941043,42,Leo Komarov,1.833333333,"<a href=""http://www.espn.com/nhl/player/_/id/2590558""><img src=""../NHL/images2590558.png""></a>"
0.925261997,29,Lias Andersson,2.472972973,"<a href=""http://www.espn.com/nhl/player/_/id/4232875""><img src=""../NHL/images4232875.png""></a>"
0.779051347,0,Linus Ullmark,2.082191781,"<a href=""http://www.espn.com/nhl/player/_/id/3069285""><img src=""../NHL/images3069285.png""></a>"
0.74829932,22,Logan Couture,2,"<a href=""http://www.espn.com/nhl/player/_/id/3773""><img src=""../NHL/images3773.png""></a>"
0.702794631,22,Loui Eriksson,1.878378378,"<a href=""http://www.espn.com/nhl/player/_/id/3161""><img src=""../NHL/images3161.png""></a>"
0.727220466,4,Louis Domingue,1.943661972,"<a href=""http://www.espn.com/nhl/player/_/id/2560083""><img src=""../NHL/images2560083.png""></a>"
0.781312525,4,Luca Sbisa,2.088235294,"<a href=""http://www.espn.com/nhl/player/_/id/5098""><img src=""../NHL/images5098.png""></a>"
0.781312525,36,Lucas Wallmark,2.088235294,"<a href=""http://www.espn.com/nhl/player/_/id/3151037""><img src=""../NHL/images3151037.png""></a>"
0.817373103,6,Lukas Radil,2.184615385,"<a href=""http://www.espn.com/nhl/player/_/id/4294205""><img src=""../NHL/images4294205.png""></a>"
0.763265306,10,Lukas Sedlak,2.04,"<a href=""http://www.espn.com/nhl/player/_/id/2590273""><img src=""../NHL/images2590273.png""></a>"
0.837382572,15,Luke Glendening,2.238095238,"<a href=""http://www.espn.com/nhl/player/_/id/2335062""><img src=""../NHL/images2335062.png""></a>"
0.732923306,27,Luke Kunin,1.95890411,"<a href=""http://www.espn.com/nhl/player/_/id/4024933""><img src=""../NHL/images4024933.png""></a>"
0.732923306,16,Luke Schenn,1.95890411,"<a href=""http://www.espn.com/nhl/player/_/id/5092""><img src=""../NHL/images5092.png""></a>"
0.74829932,23,Luke Witkowski,2,"<a href=""http://www.espn.com/nhl/player/_/id/3026225""><img src=""../NHL/images3026225.png""></a>"
0.779478458,0,Mackenzie Blackwood,2.083333333,"<a href=""http://www.espn.com/nhl/player/_/id/3904177""><img src=""../NHL/images3904177.png""></a>"
0.813368826,64,MacKenzie Weegar,2.173913043,"<a href=""http://www.espn.com/nhl/player/_/id/3042269""><img src=""../NHL/images3042269.png""></a>"
0.938166311,46,Madison Bowey,2.507462687,"<a href=""http://www.espn.com/nhl/player/_/id/3042045""><img src=""../NHL/images3042045.png""></a>"
0.855199223,6,Magnus Paajarvi,2.285714286,"<a href=""http://www.espn.com/nhl/player/_/id/5409""><img src=""../NHL/images5409.png""></a>"
0.919520351,4,Malcolm Subban,2.457627119,"<a href=""http://www.espn.com/nhl/player/_/id/2976852""><img src=""../NHL/images2976852.png""></a>"
0.828036132,6,Marc Methot,2.213114754,"<a href=""http://www.espn.com/nhl/player/_/id/2328""><img src=""../NHL/images2328.png""></a>"
0.715561224,32,Marc Staal,1.9125,"<a href=""http://www.espn.com/nhl/player/_/id/3250""><img src=""../NHL/images3250.png""></a>"
0.724003887,4,Marc-Andre Fleury,1.935064935,"<a href=""http://www.espn.com/nhl/player/_/id/2346""><img src=""../NHL/images2346.png""></a>"
0.875242954,10,Marc-Edouard Vlasic,2.339285714,"<a href=""http://www.espn.com/nhl/player/_/id/3371""><img src=""../NHL/images3371.png""></a>"
0.774281935,26,Marco Scandella,2.069444444,"<a href=""http://www.espn.com/nhl/player/_/id/5218""><img src=""../NHL/images5218.png""></a>"
0.75898931,23,Marcus Sorensen,2.028571429,"<a href=""http://www.espn.com/nhl/player/_/id/4063462""><img src=""../NHL/images4063462.png""></a>"
0.776643991,55,Marcus Foligno,2.075757576,"<a href=""http://www.espn.com/nhl/player/_/id/5172""><img src=""../NHL/images5172.png""></a>"
0.728344671,8,Marcus Johansson,1.946666667,"<a href=""http://www.espn.com/nhl/player/_/id/5714""><img src=""../NHL/images5714.png""></a>"
0.743376298,30,Marcus Kruger,1.986842105,"<a href=""http://www.espn.com/nhl/player/_/id/5757""><img src=""../NHL/images5757.png""></a>"
0.689990282,66,Marcus Pettersson,1.844155844,"<a href=""http://www.espn.com/nhl/player/_/id/3114995""><img src=""../NHL/images3114995.png""></a>"
0.670731707,18,Mario Kempe,1.792682927,"<a href=""http://www.espn.com/nhl/player/_/id/4365""><img src=""../NHL/images4365.png""></a>"
0.783691855,4,Mark Barberio,2.094594595,"<a href=""http://www.espn.com/nhl/player/_/id/5315""><img src=""../NHL/images5315.png""></a>"
0.783691855,69,Mark Giordano,2.094594595,"<a href=""http://www.espn.com/nhl/player/_/id/3006""><img src=""../NHL/images3006.png""></a>"
0.819827931,12,Mark Jankowski,2.191176471,"<a href=""http://www.espn.com/nhl/player/_/id/2976849""><img src=""../NHL/images2976849.png""></a>"
0.753495843,26,Mark Pysyk,2.013888889,"<a href=""http://www.espn.com/nhl/player/_/id/5824""><img src=""../NHL/images5824.png""></a>"
0.727513228,38,Mark Scheifele,1.944444444,"<a href=""http://www.espn.com/nhl/player/_/id/2562632""><img src=""../NHL/images2562632.png""></a>"
0.857666143,27,Mark Stone,2.292307692,"<a href=""http://www.espn.com/nhl/player/_/id/5545""><img src=""../NHL/images5545.png""></a>"
0.848817139,7,Marko Dano,2.268656716,"<a href=""http://www.espn.com/nhl/player/_/id/3042058""><img src=""../NHL/images3042058.png""></a>"
0.703992123,20,Markus Granlund,1.881578947,"<a href=""http://www.espn.com/nhl/player/_/id/2563042""><img src=""../NHL/images2563042.png""></a>"
0.792606516,2,Markus Hannikainen,2.118421053,"<a href=""http://www.espn.com/nhl/player/_/id/2592084""><img src=""../NHL/images2592084.png""></a>"
0.777080063,6,Markus Nutivaara,2.076923077,"<a href=""http://www.espn.com/nhl/player/_/id/3942293""><img src=""../NHL/images3942293.png""></a>"
0.75898931,2,Martin Jones,2.028571429,"<a href=""http://www.espn.com/nhl/player/_/id/5096""><img src=""../NHL/images5096.png""></a>"
0.808823529,4,Martin Frk,2.161764706,"<a href=""http://www.espn.com/nhl/player/_/id/3068036""><img src=""../NHL/images3068036.png""></a>"
0.812439261,12,Martin Marincin,2.171428571,"<a href=""http://www.espn.com/nhl/player/_/id/5451""><img src=""../NHL/images5451.png""></a>"
0.830144558,46,Mathew Barzal,2.21875,"<a href=""http://www.espn.com/nhl/player/_/id/3899946""><img src=""../NHL/images3899946.png""></a>"
0.654761905,44,Mathieu Perreault,1.75,"<a href=""http://www.espn.com/nhl/player/_/id/3886""><img src=""../NHL/images3886.png""></a>"
0.811616954,24,Mats Zuccarello,2.169230769,"<a href=""http://www.espn.com/nhl/player/_/id/5560""><img src=""../NHL/images5560.png""></a>"
0.79442736,58,Matt Calvert,2.123287671,"<a href=""http://www.espn.com/nhl/player/_/id/5116""><img src=""../NHL/images5116.png""></a>"
0.685941043,14,Matt Cullen,1.833333333,"<a href=""http://www.espn.com/nhl/player/_/id/182""><img src=""../NHL/images182.png""></a>"
0.85369359,8,Matt Duchene,2.281690141,"<a href=""http://www.espn.com/nhl/player/_/id/5161""><img src=""../NHL/images5161.png""></a>"
0.74829932,68,Matt Grzelcyk,2,"<a href=""http://www.espn.com/nhl/player/_/id/3069448""><img src=""../NHL/images3069448.png""></a>"
0.832064169,19,Matt Hendricks,2.223880597,"<a href=""http://www.espn.com/nhl/player/_/id/3755""><img src=""../NHL/images3755.png""></a>"
0.725485316,4,Matt Hunwick,1.93902439,"<a href=""http://www.espn.com/nhl/player/_/id/3736""><img src=""../NHL/images3736.png""></a>"
0.759144237,38,Matt Irwin,2.028985507,"<a href=""http://www.espn.com/nhl/player/_/id/5677""><img src=""../NHL/images5677.png""></a>"
0.74829932,53,Matt Martin,2,"<a href=""http://www.espn.com/nhl/player/_/id/5050""><img src=""../NHL/images5050.png""></a>"
0.702794631,4,Matt Murray,1.878378378,"<a href=""http://www.espn.com/nhl/player/_/id/3067862""><img src=""../NHL/images3067862.png""></a>"
0.815854119,8,Matt Nieto,2.180555556,"<a href=""http://www.espn.com/nhl/player/_/id/2563076""><img src=""../NHL/images2563076.png""></a>"
0.757892901,41,Matt Niskanen,2.025641026,"<a href=""http://www.espn.com/nhl/player/_/id/3620""><img src=""../NHL/images3620.png""></a>"
0.899076048,4,Matthew Peca,2.402985075,"<a href=""http://www.espn.com/nhl/player/_/id/3024646""><img src=""../NHL/images3024646.png""></a>"
0.882759354,62,Matthew Tkachuk,2.359375,"<a href=""http://www.espn.com/nhl/player/_/id/4024854""><img src=""../NHL/images4024854.png""></a>"
0.763265306,47,Mattias Ekholm,2.04,"<a href=""http://www.espn.com/nhl/player/_/id/2558631""><img src=""../NHL/images2558631.png""></a>"
0.878954757,24,Mattias Janmark,2.349206349,"<a href=""http://www.espn.com/nhl/player/_/id/3042085""><img src=""../NHL/images3042085.png""></a>"
0.838095238,80,Max Domi,2.24,"<a href=""http://www.espn.com/nhl/player/_/id/3042014""><img src=""../NHL/images3042014.png""></a>"
0.737759893,36,Max Pacioretty,1.971830986,"<a href=""http://www.espn.com/nhl/player/_/id/4005""><img src=""../NHL/images4005.png""></a>"
0.708390023,26,Melker Karlsson,1.893333333,"<a href=""http://www.espn.com/nhl/player/_/id/3109556""><img src=""../NHL/images3109556.png""></a>"
0.784176684,13,Michael McLeod,2.095890411,"<a href=""http://www.espn.com/nhl/player/_/id/4024902""><img src=""../NHL/images4024902.png""></a>"
0.753644315,8,Michael Del Zotto,2.014285714,"<a href=""http://www.espn.com/nhl/player/_/id/5062""><img src=""../NHL/images5062.png""></a>"
0.787389583,26,Michael Frolik,2.104477612,"<a href=""http://www.espn.com/nhl/player/_/id/3802""><img src=""../NHL/images3802.png""></a>"
0.809803373,8,Michael Grabner,2.164383562,"<a href=""http://www.espn.com/nhl/player/_/id/3558""><img src=""../NHL/images3558.png""></a>"
0.763675333,0,Michael Hutchinson,2.04109589,"<a href=""http://www.espn.com/nhl/player/_/id/5133""><img src=""../NHL/images5133.png""></a>"
0.770636613,44,Michael Matheson,2.059701493,"<a href=""http://www.espn.com/nhl/player/_/id/2976851""><img src=""../NHL/images2976851.png""></a>"
0.742876861,32,Michael Raffl,1.985507246,"<a href=""http://www.espn.com/nhl/player/_/id/3037290""><img src=""../NHL/images3037290.png""></a>"
0.789302022,29,Michael Rasmussen,2.109589041,"<a href=""http://www.espn.com/nhl/player/_/id/4233576""><img src=""../NHL/images4233576.png""></a>"
0.722672631,10,Michael Stone,1.931506849,"<a href=""http://www.espn.com/nhl/player/_/id/5148""><img src=""../NHL/images5148.png""></a>"
0.803174603,60,Michal Kempny,2.146666667,"<a href=""http://www.espn.com/nhl/player/_/id/4046946""><img src=""../NHL/images4046946.png""></a>"
0.777837451,0,Michal Neuvirth,2.078947368,"<a href=""http://www.espn.com/nhl/player/_/id/3705""><img src=""../NHL/images3705.png""></a>"
0.81432573,75,Micheal Haley,2.176470588,"<a href=""http://www.espn.com/nhl/player/_/id/5086""><img src=""../NHL/images5086.png""></a>"
0.786256532,58,Micheal Ferland,2.101449275,"<a href=""http://www.espn.com/nhl/player/_/id/5579""><img src=""../NHL/images5579.png""></a>"
0.732709751,8,Miikka Salomaki,1.958333333,"<a href=""http://www.espn.com/nhl/player/_/id/2563062""><img src=""../NHL/images2563062.png""></a>"
0.753424658,47,Mika Zibanejad,2.01369863,"<a href=""http://www.espn.com/nhl/player/_/id/2562637""><img src=""../NHL/images2562637.png""></a>"
0.753644315,52,Mikael Backlund,2.014285714,"<a href=""http://www.espn.com/nhl/player/_/id/3797""><img src=""../NHL/images3797.png""></a>"
0.775024295,24,Mikael Granlund,2.071428571,"<a href=""http://www.espn.com/nhl/player/_/id/5831""><img src=""../NHL/images5831.png""></a>"
0.753355396,30,Mike Hoffman,2.013513514,"<a href=""http://www.espn.com/nhl/player/_/id/5103""><img src=""../NHL/images5103.png""></a>"
0.826479846,16,Mike Reilly,2.208955224,"<a href=""http://www.espn.com/nhl/player/_/id/3024796""><img src=""../NHL/images3024796.png""></a>"
0.692682478,2,Mike Smith,1.851351351,"<a href=""http://www.espn.com/nhl/player/_/id/1971""><img src=""../NHL/images1971.png""></a>"
0.840397698,28,Mikhail Sergachev,2.246153846,"<a href=""http://www.espn.com/nhl/player/_/id/4024868""><img src=""../NHL/images4024868.png""></a>"
0.839308696,6,Mikkel Boedker,2.243243243,"<a href=""http://www.espn.com/nhl/player/_/id/3976""><img src=""../NHL/images3976.png""></a>"
0.758017493,22,Mikko Koivu,2.025974026,"<a href=""http://www.espn.com/nhl/player/_/id/2147""><img src=""../NHL/images2147.png""></a>"
0.775411614,2,Mikko Koskinen,2.072463768,"<a href=""http://www.espn.com/nhl/player/_/id/5268""><img src=""../NHL/images5268.png""></a>"
0.824298469,91,Milan Lucic,2.203125,"<a href=""http://www.espn.com/nhl/player/_/id/3780""><img src=""../NHL/images3780.png""></a>"
0.841836735,17,Mirco Mueller,2.25,"<a href=""http://www.espn.com/nhl/player/_/id/3042033""><img src=""../NHL/images3042033.png""></a>"
0.808163265,16,Miro Heiskanen,2.16,"<a href=""http://www.espn.com/nhl/player/_/id/4233536""><img src=""../NHL/images4233536.png""></a>"
0.806266168,14,Morgan Rielly,2.154929577,"<a href=""http://www.espn.com/nhl/player/_/id/2976833""><img src=""../NHL/images2976833.png""></a>"
0.833333333,8,Nate Schmidt,2.227272727,"<a href=""http://www.espn.com/nhl/player/_/id/3024798""><img src=""../NHL/images3024798.png""></a>"
0.849854227,17,Nate Thompson,2.271428571,"<a href=""http://www.espn.com/nhl/player/_/id/2688""><img src=""../NHL/images2688.png""></a>"
0.780834073,39,Nathan Beaulieu,2.086956522,"<a href=""http://www.espn.com/nhl/player/_/id/2562598""><img src=""../NHL/images2562598.png""></a>"
0.738581147,34,Nathan MacKinnon,1.974025974,"<a href=""http://www.espn.com/nhl/player/_/id/3041969""><img src=""../NHL/images3041969.png""></a>"
0.861678005,43,Nazem Kadri,2.303030303,"<a href=""http://www.espn.com/nhl/player/_/id/5349""><img src=""../NHL/images5349.png""></a>"
0.803321329,35,Neal Pionk,2.147058824,"<a href=""http://www.espn.com/nhl/player/_/id/3988847""><img src=""../NHL/images3988847.png""></a>"
0.852841136,20,Nic Dowd,2.279411765,"<a href=""http://www.espn.com/nhl/player/_/id/3025616""><img src=""../NHL/images3025616.png""></a>"
0.74829932,2,Nic Petan,2,"<a href=""http://www.espn.com/nhl/player/_/id/3042018""><img src=""../NHL/images3042018.png""></a>"
0.784176684,30,Nick Bjugstad,2.095890411,"<a href=""http://www.espn.com/nhl/player/_/id/5828""><img src=""../NHL/images5828.png""></a>"
0.753355396,18,Nick Bonino,2.013513514,"<a href=""http://www.espn.com/nhl/player/_/id/4927""><img src=""../NHL/images4927.png""></a>"
0.784674981,35,Nick Cousins,2.097222222,"<a href=""http://www.espn.com/nhl/player/_/id/2563027""><img src=""../NHL/images2563027.png""></a>"
0.767735666,44,Nick Foligno,2.051948052,"<a href=""http://www.espn.com/nhl/player/_/id/3535""><img src=""../NHL/images3535.png""></a>"
0.785714286,14,Nick Holden,2.1,"<a href=""http://www.espn.com/nhl/player/_/id/3884""><img src=""../NHL/images3884.png""></a>"
0.801749271,21,Nick Jensen,2.142857143,"<a href=""http://www.espn.com/nhl/player/_/id/3025608""><img src=""../NHL/images3025608.png""></a>"
0.780834073,18,Nick Leddy,2.086956522,"<a href=""http://www.espn.com/nhl/player/_/id/5447""><img src=""../NHL/images5447.png""></a>"
0.728607232,82,Nick Ritchie,1.947368421,"<a href=""http://www.espn.com/nhl/player/_/id/3114742""><img src=""../NHL/images3114742.png""></a>"
0.753355396,8,Nick Schmaltz,2.013513514,"<a href=""http://www.espn.com/nhl/player/_/id/3114770""><img src=""../NHL/images3114770.png""></a>"
0.823129252,64,Nick Seeler,2.2,"<a href=""http://www.espn.com/nhl/player/_/id/2564164""><img src=""../NHL/images2564164.png""></a>"
0.735094038,30,Nicklas Backstrom,1.964705882,"<a href=""http://www.espn.com/nhl/player/_/id/3666""><img src=""../NHL/images3666.png""></a>"
0.860544218,24,Nico Hischier,2.3,"<a href=""http://www.espn.com/nhl/player/_/id/4233555""><img src=""../NHL/images4233555.png""></a>"
0.821050642,22,Nicolas Deslauriers,2.194444444,"<a href=""http://www.espn.com/nhl/player/_/id/5193""><img src=""../NHL/images5193.png""></a>"
0.849854227,75,Nikita Zadorov,2.271428571,"<a href=""http://www.espn.com/nhl/player/_/id/3042021""><img src=""../NHL/images3042021.png""></a>"
0.722672631,18,Nikita Zaitsev,1.931506849,"<a href=""http://www.espn.com/nhl/player/_/id/4010739""><img src=""../NHL/images4010739.png""></a>"
0.827067669,44,Niklas Hjalmarsson,2.210526316,"<a href=""http://www.espn.com/nhl/player/_/id/3697""><img src=""../NHL/images3697.png""></a>"
0.732264334,40,Niklas Kronwall,1.957142857,"<a href=""http://www.espn.com/nhl/player/_/id/2127""><img src=""../NHL/images2127.png""></a>"
0.804142553,15,Nikolaj Ehlers,2.149253731,"<a href=""http://www.espn.com/nhl/player/_/id/3114741""><img src=""../NHL/images3114741.png""></a>"
0.763888889,18,Nikolay Goldobin,2.041666667,"<a href=""http://www.espn.com/nhl/player/_/id/3114786""><img src=""../NHL/images3114786.png""></a>"
0.854401462,30,Nino Niederreiter,2.28358209,"<a href=""http://www.espn.com/nhl/player/_/id/5511""><img src=""../NHL/images5511.png""></a>"
0.803321329,12,Noah Hanifin,2.147058824,"<a href=""http://www.espn.com/nhl/player/_/id/3652964""><img src=""../NHL/images3652964.png""></a>"
0.775024295,47,Noel Acciari,2.071428571,"<a href=""http://www.espn.com/nhl/player/_/id/3096237""><img src=""../NHL/images3096237.png""></a>"
0.743243243,27,Nolan Patrick,1.986486486,"<a href=""http://www.espn.com/nhl/player/_/id/4233544""><img src=""../NHL/images4233544.png""></a>"
0.743440233,8,Oliver Bjorkstrand,1.987012987,"<a href=""http://www.espn.com/nhl/player/_/id/3042095""><img src=""../NHL/images3042095.png""></a>"
0.814928711,52,Oliver Ekman-Larsson,2.178082192,"<a href=""http://www.espn.com/nhl/player/_/id/5488""><img src=""../NHL/images5488.png""></a>"
0.826247166,12,Olli Maatta,2.208333333,"<a href=""http://www.espn.com/nhl/player/_/id/2976850""><img src=""../NHL/images2976850.png""></a>"
0.717120181,20,Ondrej Palat,1.916666667,"<a href=""http://www.espn.com/nhl/player/_/id/2590389""><img src=""../NHL/images2590389.png""></a>"
0.737906274,17,Oscar Fantenberg,1.972222222,"<a href=""http://www.espn.com/nhl/player/_/id/4217973""><img src=""../NHL/images4217973.png""></a>"
0.765837585,16,Oscar Klefbom,2.046875,"<a href=""http://www.espn.com/nhl/player/_/id/2562608""><img src=""../NHL/images2562608.png""></a>"
0.794348509,28,Oscar Lindberg,2.123076923,"<a href=""http://www.espn.com/nhl/player/_/id/2590850""><img src=""../NHL/images2590850.png""></a>"
0.835058661,20,Oskar Lindblom,2.231884058,"<a href=""http://www.espn.com/nhl/player/_/id/3151326""><img src=""../NHL/images3151326.png""></a>"
0.732923306,22,Oskar Sundqvist,1.95890411,"<a href=""http://www.espn.com/nhl/player/_/id/3069277""><img src=""../NHL/images3069277.png""></a>"
0.74829932,18,Par Lindholm,2,"<a href=""http://www.espn.com/nhl/player/_/id/4294165""><img src=""../NHL/images4294165.png""></a>"
0.777080063,26,Patric Hornqvist,2.076923077,"<a href=""http://www.espn.com/nhl/player/_/id/3699""><img src=""../NHL/images3699.png""></a>"
0.714285714,30,Patrice Bergeron,1.909090909,"<a href=""http://www.espn.com/nhl/player/_/id/2280""><img src=""../NHL/images2280.png""></a>"
0.816805595,22,Patrick Kane,2.183098592,"<a href=""http://www.espn.com/nhl/player/_/id/3735""><img src=""../NHL/images3735.png""></a>"
0.775810324,28,Patrick Marleau,2.073529412,"<a href=""http://www.espn.com/nhl/player/_/id/576""><img src=""../NHL/images576.png""></a>"
0.7696793,64,Patrick Maroon,2.057142857,"<a href=""http://www.espn.com/nhl/player/_/id/3853""><img src=""../NHL/images3853.png""></a>"
0.719518577,42,Patrik Laine,1.923076923,"<a href=""http://www.espn.com/nhl/player/_/id/4024820""><img src=""../NHL/images4024820.png""></a>"
0.803174603,53,Patrik Nemeth,2.146666667,"<a href=""http://www.espn.com/nhl/player/_/id/2590752""><img src=""../NHL/images2590752.png""></a>"
0.772594752,12,Paul LaDue,2.064935065,"<a href=""http://www.espn.com/nhl/player/_/id/3069360""><img src=""../NHL/images3069360.png""></a>"
0.844509232,17,Paul Byron,2.257142857,"<a href=""http://www.espn.com/nhl/player/_/id/4568""><img src=""../NHL/images4568.png""></a>"
0.710884354,30,Paul Stastny,1.9,"<a href=""http://www.espn.com/nhl/player/_/id/3467""><img src=""../NHL/images3467.png""></a>"
0.737759893,15,Pavel Zacha,1.971830986,"<a href=""http://www.espn.com/nhl/player/_/id/3899949""><img src=""../NHL/images3899949.png""></a>"
0.791059281,13,Pavel Buchnevich,2.114285714,"<a href=""http://www.espn.com/nhl/player/_/id/3042081""><img src=""../NHL/images3042081.png""></a>"
0.672522173,4,Pekka Rinne,1.797468354,"<a href=""http://www.espn.com/nhl/player/_/id/3157""><img src=""../NHL/images3157.png""></a>"
0.810657596,6,Petr Mrazek,2.166666667,"<a href=""http://www.espn.com/nhl/player/_/id/5619""><img src=""../NHL/images5619.png""></a>"
0.795068027,0,Pheonix Copley,2.125,"<a href=""http://www.espn.com/nhl/player/_/id/3095330""><img src=""../NHL/images3095330.png""></a>"
0.820895522,28,Phil Kessel,2.194029851,"<a href=""http://www.espn.com/nhl/player/_/id/3479""><img src=""../NHL/images3479.png""></a>"
0.758276644,0,Philipp Grubauer,2.026666667,"<a href=""http://www.espn.com/nhl/player/_/id/5657""><img src=""../NHL/images5657.png""></a>"
0.773926009,39,Phillip Danault,2.068493151,"<a href=""http://www.espn.com/nhl/player/_/id/2562602""><img src=""../NHL/images2562602.png""></a>"
0.793650794,6,Pierre-Edouard Bellemare,2.121212121,"<a href=""http://www.espn.com/nhl/player/_/id/3111908""><img src=""../NHL/images3111908.png""></a>"
0.69286974,64,Pierre-Luc Dubois,1.851851852,"<a href=""http://www.espn.com/nhl/player/_/id/4024833""><img src=""../NHL/images4024833.png""></a>"
0.742954325,20,Pontus Aberg,1.985714286,"<a href=""http://www.espn.com/nhl/player/_/id/3069396""><img src=""../NHL/images3069396.png""></a>"
0.725274725,54,Radek Faksa,1.938461538,"<a href=""http://www.espn.com/nhl/player/_/id/2976842""><img src=""../NHL/images2976842.png""></a>"
0.770636613,8,Radim Simek,2.059701493,"<a href=""http://www.espn.com/nhl/player/_/id/4226783""><img src=""../NHL/images4226783.png""></a>"
0.910430839,23,Rasmus Andersson,2.433333333,"<a href=""http://www.espn.com/nhl/player/_/id/3904186""><img src=""../NHL/images3904186.png""></a>"
0.816805595,34,Rasmus Dahlin,2.183098592,"<a href=""http://www.espn.com/nhl/player/_/id/4294163""><img src=""../NHL/images4294163.png""></a>"
0.757537583,38,Rasmus Ristolainen,2.024691358,"<a href=""http://www.espn.com/nhl/player/_/id/3041999""><img src=""../NHL/images3041999.png""></a>"
0.732031943,14,Reilly Smith,1.956521739,"<a href=""http://www.espn.com/nhl/player/_/id/2500990""><img src=""../NHL/images2500990.png""></a>"
0.823129252,44,Richard Panik,2.2,"<a href=""http://www.espn.com/nhl/player/_/id/5332""><img src=""../NHL/images5332.png""></a>"
0.831443689,27,Rickard Rakell,2.222222222,"<a href=""http://www.espn.com/nhl/player/_/id/2562629""><img src=""../NHL/images2562629.png""></a>"
0.711346267,19,Riley Nash,1.901234568,"<a href=""http://www.espn.com/nhl/player/_/id/5005""><img src=""../NHL/images5005.png""></a>"
0.835600907,17,Riley Sheahan,2.233333333,"<a href=""http://www.espn.com/nhl/player/_/id/5836""><img src=""../NHL/images5836.png""></a>"
0.770308123,6,Robby Fabbri,2.058823529,"<a href=""http://www.espn.com/nhl/player/_/id/3114774""><img src=""../NHL/images3114774.png""></a>"
0.723018937,47,Robert Bortuzzo,1.932432432,"<a href=""http://www.espn.com/nhl/player/_/id/4916""><img src=""../NHL/images4916.png""></a>"
0.743029606,63,Robert Hagg,1.985915493,"<a href=""http://www.espn.com/nhl/player/_/id/3042013""><img src=""../NHL/images3042013.png""></a>"
0.706207483,0,Roberto Luongo,1.8875,"<a href=""http://www.espn.com/nhl/player/_/id/551""><img src=""../NHL/images551.png""></a>"
0.886446886,0,Robin Lehner,2.369230769,"<a href=""http://www.espn.com/nhl/player/_/id/5283""><img src=""../NHL/images5283.png""></a>"
0.892203035,10,Rocco Grimaldi,2.384615385,"<a href=""http://www.espn.com/nhl/player/_/id/2563044""><img src=""../NHL/images2563044.png""></a>"
0.753495843,42,Roman Josi,2.013888889,"<a href=""http://www.espn.com/nhl/player/_/id/5436""><img src=""../NHL/images5436.png""></a>"
0.738187167,21,Ron Hainsey,1.972972973,"<a href=""http://www.espn.com/nhl/player/_/id/2722""><img src=""../NHL/images2722.png""></a>"
0.834641549,23,Ross Johnston,2.230769231,"<a href=""http://www.espn.com/nhl/player/_/id/3067822""><img src=""../NHL/images3067822.png""></a>"
0.718761189,14,Ryan Callahan,1.921052632,"<a href=""http://www.espn.com/nhl/player/_/id/3331""><img src=""../NHL/images3331.png""></a>"
0.753644315,34,Ryan McDonagh,2.014285714,"<a href=""http://www.espn.com/nhl/player/_/id/4954""><img src=""../NHL/images4954.png""></a>"
0.824213743,8,Ryan Carpenter,2.202898551,"<a href=""http://www.espn.com/nhl/player/_/id/3096605""><img src=""../NHL/images3096605.png""></a>"
0.874934589,6,Ryan Donato,2.338461538,"<a href=""http://www.espn.com/nhl/player/_/id/3115033""><img src=""../NHL/images3115033.png""></a>"
0.860544218,29,Ryan Dzingel,2.3,"<a href=""http://www.espn.com/nhl/player/_/id/3070196""><img src=""../NHL/images3070196.png""></a>"
0.809726876,20,Ryan Ellis,2.164179104,"<a href=""http://www.espn.com/nhl/player/_/id/5169""><img src=""../NHL/images5169.png""></a>"
0.75898931,58,Ryan Getzlaf,2.028571429,"<a href=""http://www.espn.com/nhl/player/_/id/2310""><img src=""../NHL/images2310.png""></a>"
0.792316927,74,Ryan Hartman,2.117647059,"<a href=""http://www.espn.com/nhl/player/_/id/3042063""><img src=""../NHL/images3042063.png""></a>"
0.727513228,42,Ryan Johansen,1.944444444,"<a href=""http://www.espn.com/nhl/player/_/id/5434""><img src=""../NHL/images5434.png""></a>"
0.742630385,44,Ryan Kesler,1.984848485,"<a href=""http://www.espn.com/nhl/player/_/id/2175""><img src=""../NHL/images2175.png""></a>"
0.780834073,0,Ryan Miller,2.086956522,"<a href=""http://www.espn.com/nhl/player/_/id/1549""><img src=""../NHL/images1549.png""></a>"
0.81814059,10,Ryan Murray,2.186666667,"<a href=""http://www.espn.com/nhl/player/_/id/2966501""><img src=""../NHL/images2966501.png""></a>"
0.726919339,26,Ryan Nugent-Hopkins,1.942857143,"<a href=""http://www.espn.com/nhl/player/_/id/2562624""><img src=""../NHL/images2562624.png""></a>"
0.737759893,12,Ryan O'Reilly,1.971830986,"<a href=""http://www.espn.com/nhl/player/_/id/5208""><img src=""../NHL/images5208.png""></a>"
0.74829932,22,Ryan Pulock,2,"<a href=""http://www.espn.com/nhl/player/_/id/3042019""><img src=""../NHL/images3042019.png""></a>"
0.784176684,74,Ryan Reaves,2.095890411,"<a href=""http://www.espn.com/nhl/player/_/id/3683""><img src=""../NHL/images3683.png""></a>"
0.753222342,2,Ryan Spooner,2.013157895,"<a href=""http://www.espn.com/nhl/player/_/id/5544""><img src=""../NHL/images5544.png""></a>"
0.707296617,64,Ryan Strome,1.890410959,"<a href=""http://www.espn.com/nhl/player/_/id/2562636""><img src=""../NHL/images2562636.png""></a>"
0.809726876,41,Ryan Suter,2.164179104,"<a href=""http://www.espn.com/nhl/player/_/id/3047""><img src=""../NHL/images3047.png""></a>"
0.938252224,93,Sam Bennett,2.507692308,"<a href=""http://www.espn.com/nhl/player/_/id/3114732""><img src=""../NHL/images3114732.png""></a>"
0.688250609,14,Sam Gagner,1.839506173,"<a href=""http://www.espn.com/nhl/player/_/id/3808""><img src=""../NHL/images3808.png""></a>"
0.901360544,16,Sam Reinhart,2.409090909,"<a href=""http://www.espn.com/nhl/player/_/id/3114722""><img src=""../NHL/images3114722.png""></a>"
0.738187167,22,Sami Vatanen,1.972972973,"<a href=""http://www.espn.com/nhl/player/_/id/2590835""><img src=""../NHL/images2590835.png""></a>"
0.866780045,6,Sammy Blais,2.316666667,"<a href=""http://www.espn.com/nhl/player/_/id/3149697""><img src=""../NHL/images3149697.png""></a>"
0.822144647,6,Samuel Girard,2.197368421,"<a href=""http://www.espn.com/nhl/player/_/id/4063401""><img src=""../NHL/images4063401.png""></a>"
0.852841136,4,Samuel Morin,2.279411765,"<a href=""http://www.espn.com/nhl/player/_/id/3042012""><img src=""../NHL/images3042012.png""></a>"
0.859375,23,Scott Harrington,2.296875,"<a href=""http://www.espn.com/nhl/player/_/id/2563045""><img src=""../NHL/images2563045.png""></a>"
0.873015873,53,Scott Laughton,2.333333333,"<a href=""http://www.espn.com/nhl/player/_/id/2976848""><img src=""../NHL/images2976848.png""></a>"
0.832064169,68,Scott Mayfield,2.223880597,"<a href=""http://www.espn.com/nhl/player/_/id/2563069""><img src=""../NHL/images2563069.png""></a>"
0.763888889,4,Scott Wilson,2.041666667,"<a href=""http://www.espn.com/nhl/player/_/id/2591166""><img src=""../NHL/images2591166.png""></a>"
0.76505229,34,Sean Couturier,2.044776119,"<a href=""http://www.espn.com/nhl/player/_/id/2562601""><img src=""../NHL/images2562601.png""></a>"
0.827664399,38,Sean Kuraly,2.212121212,"<a href=""http://www.espn.com/nhl/player/_/id/2564154""><img src=""../NHL/images2564154.png""></a>"
0.78337585,12,Sean Monahan,2.09375,"<a href=""http://www.espn.com/nhl/player/_/id/3041996""><img src=""../NHL/images3041996.png""></a>"
0.830832333,26,Sebastian Aho,2.220588235,"<a href=""http://www.espn.com/nhl/player/_/id/3904173""><img src=""../NHL/images3904173.png""></a>"
0.768253968,2,Semyon Varlamov,2.053333333,"<a href=""http://www.espn.com/nhl/player/_/id/3759""><img src=""../NHL/images3759.png""></a>"
0.734091105,2,Sergei Bobrovsky,1.962025316,"<a href=""http://www.espn.com/nhl/player/_/id/5571""><img src=""../NHL/images5571.png""></a>"
0.821185617,28,Seth Jones,2.194805195,"<a href=""http://www.espn.com/nhl/player/_/id/3041992""><img src=""../NHL/images3041992.png""></a>"
0.7696793,22,Shayne Gostisbehere,2.057142857,"<a href=""http://www.espn.com/nhl/player/_/id/3025662""><img src=""../NHL/images3025662.png""></a>"
0.800996455,20,Shea Theodore,2.14084507,"<a href=""http://www.espn.com/nhl/player/_/id/3042055""><img src=""../NHL/images3042055.png""></a>"
0.725962027,28,Shea Weber,1.940298507,"<a href=""http://www.espn.com/nhl/player/_/id/2278""><img src=""../NHL/images2278.png""></a>"
0.770308123,36,Sidney Crosby,2.058823529,"<a href=""http://www.espn.com/nhl/player/_/id/3114""><img src=""../NHL/images3114.png""></a>"
0.753569033,14,Slater Koekkoek,2.014084507,"<a href=""http://www.espn.com/nhl/player/_/id/2976840""><img src=""../NHL/images2976840.png""></a>"
0.743029606,28,Stefan Noesen,1.985915493,"<a href=""http://www.espn.com/nhl/player/_/id/2562623""><img src=""../NHL/images2562623.png""></a>"
0.74829932,37,Steven Stamkos,2,"<a href=""http://www.espn.com/nhl/player/_/id/5037""><img src=""../NHL/images5037.png""></a>"
0.74829932,22,Steven Kampfer,2,"<a href=""http://www.espn.com/nhl/player/_/id/4911""><img src=""../NHL/images4911.png""></a>"
0.873015873,14,Sven Andrighetto,2.333333333,"<a href=""http://www.espn.com/nhl/player/_/id/3042092""><img src=""../NHL/images3042092.png""></a>"
0.758411473,6,Sven Baertschi,2.027027027,"<a href=""http://www.espn.com/nhl/player/_/id/2562597""><img src=""../NHL/images2562597.png""></a>"
0.843321456,24,T.J. Brodie,2.253968254,"<a href=""http://www.espn.com/nhl/player/_/id/5162""><img src=""../NHL/images5162.png""></a>"
0.854476926,36,T.J. Oshie,2.283783784,"<a href=""http://www.espn.com/nhl/player/_/id/5034""><img src=""../NHL/images5034.png""></a>"
0.782760473,25,Tanner Pearson,2.092105263,"<a href=""http://www.espn.com/nhl/player/_/id/2976860""><img src=""../NHL/images2976860.png""></a>"
0.800104657,16,Taylor Hall,2.138461538,"<a href=""http://www.espn.com/nhl/player/_/id/5428""><img src=""../NHL/images5428.png""></a>"
0.743243243,14,Taylor Fedun,1.986486486,"<a href=""http://www.espn.com/nhl/player/_/id/2304599""><img src=""../NHL/images2304599.png""></a>"
0.800996455,12,Teuvo Teravainen,2.14084507,"<a href=""http://www.espn.com/nhl/player/_/id/2592095""><img src=""../NHL/images2592095.png""></a>"
0.813627038,0,Thatcher Demko,2.174603175,"<a href=""http://www.espn.com/nhl/player/_/id/3096217""><img src=""../NHL/images3096217.png""></a>"
0.774647887,32,Thomas Chabot,2.070422535,"<a href=""http://www.espn.com/nhl/player/_/id/3900219""><img src=""../NHL/images3900219.png""></a>"
0.786256532,4,Thomas Greiss,2.101449275,"<a href=""http://www.espn.com/nhl/player/_/id/3375""><img src=""../NHL/images3375.png""></a>"
0.759637188,33,Thomas Hickey,2.03030303,"<a href=""http://www.espn.com/nhl/player/_/id/3769""><img src=""../NHL/images3769.png""></a>"
0.850340136,26,Thomas Vanek,2.272727273,"<a href=""http://www.espn.com/nhl/player/_/id/3045""><img src=""../NHL/images3045.png""></a>"
0.718367347,10,Tim Heed,1.92,"<a href=""http://www.espn.com/nhl/player/_/id/2590825""><img src=""../NHL/images2590825.png""></a>"
0.699708455,9,Tim Schaller,1.87012987,"<a href=""http://www.espn.com/nhl/player/_/id/3069290""><img src=""../NHL/images3069290.png""></a>"
0.767735666,55,Timo Meier,2.051948052,"<a href=""http://www.espn.com/nhl/player/_/id/3899978""><img src=""../NHL/images3899978.png""></a>"
0.795068027,8,Tobias Rieder,2.125,"<a href=""http://www.espn.com/nhl/player/_/id/2564163""><img src=""../NHL/images2564163.png""></a>"
0.75898931,10,Tom Kuhnhackl,2.028571429,"<a href=""http://www.espn.com/nhl/player/_/id/2591152""><img src=""../NHL/images2591152.png""></a>"
0.803916161,128,Tom Wilson,2.148648649,"<a href=""http://www.espn.com/nhl/player/_/id/2970615""><img src=""../NHL/images2970615.png""></a>"
0.825330132,18,Tomas Hertl,2.205882353,"<a href=""http://www.espn.com/nhl/player/_/id/2976844""><img src=""../NHL/images2976844.png""></a>"
0.732923306,18,Tomas Nosek,1.95890411,"<a href=""http://www.espn.com/nhl/player/_/id/3112266""><img src=""../NHL/images3112266.png""></a>"
0.804142553,34,Tomas Tatar,2.149253731,"<a href=""http://www.espn.com/nhl/player/_/id/5227""><img src=""../NHL/images5227.png""></a>"
0.821995465,33,Torey Krug,2.196969697,"<a href=""http://www.espn.com/nhl/player/_/id/2952729""><img src=""../NHL/images2952729.png""></a>"
0.701530612,20,Travis Zajac,1.875,"<a href=""http://www.espn.com/nhl/player/_/id/3321""><img src=""../NHL/images3321.png""></a>"
0.762156715,6,Travis Boyd,2.037037037,"<a href=""http://www.espn.com/nhl/player/_/id/3024784""><img src=""../NHL/images3024784.png""></a>"
0.753355396,22,Travis Dermott,2.013513514,"<a href=""http://www.espn.com/nhl/player/_/id/3904172""><img src=""../NHL/images3904172.png""></a>"
0.732031943,33,Travis Hamonic,1.956521739,"<a href=""http://www.espn.com/nhl/player/_/id/5073""><img src=""../NHL/images5073.png""></a>"
0.85600907,40,Travis Konecny,2.287878788,"<a href=""http://www.espn.com/nhl/player/_/id/3900169""><img src=""../NHL/images3900169.png""></a>"
0.769085412,22,Travis Sanheim,2.055555556,"<a href=""http://www.espn.com/nhl/player/_/id/3114757""><img src=""../NHL/images3114757.png""></a>"
0.778231293,9,Trevor Lewis,2.08,"<a href=""http://www.espn.com/nhl/player/_/id/3454""><img src=""../NHL/images3454.png""></a>"
0.823129252,12,Trevor Daley,2.2,"<a href=""http://www.espn.com/nhl/player/_/id/1978""><img src=""../NHL/images1978.png""></a>"
0.799319728,10,Trevor van Riemsdyk,2.136363636,"<a href=""http://www.espn.com/nhl/player/_/id/3025524""><img src=""../NHL/images3025524.png""></a>"
0.770636613,0,Tristan Jarry,2.059701493,"<a href=""http://www.espn.com/nhl/player/_/id/3042020""><img src=""../NHL/images3042020.png""></a>"
0.715965399,47,Troy Brouwer,1.913580247,"<a href=""http://www.espn.com/nhl/player/_/id/3394""><img src=""../NHL/images3394.png""></a>"
0.807688155,32,Troy Stecher,2.158730159,"<a href=""http://www.espn.com/nhl/player/_/id/3096102""><img src=""../NHL/images3096102.png""></a>"
0.825330132,2,Troy Terry,2.205882353,"<a href=""http://www.espn.com/nhl/player/_/id/3942905""><img src=""../NHL/images3942905.png""></a>"
0.764805922,4,Tuukka Rask,2.044117647,"<a href=""http://www.espn.com/nhl/player/_/id/3405""><img src=""../NHL/images3405.png""></a>"
0.818452381,4,Ty Rattie,2.1875,"<a href=""http://www.espn.com/nhl/player/_/id/2563082""><img src=""../NHL/images2563082.png""></a>"
0.770308123,28,Tyler Johnson,2.058823529,"<a href=""http://www.espn.com/nhl/player/_/id/5706""><img src=""../NHL/images5706.png""></a>"
0.841836735,23,Tyler Toffoli,2.25,"<a href=""http://www.espn.com/nhl/player/_/id/5550""><img src=""../NHL/images5550.png""></a>"
0.841836735,36,Tyler Bertuzzi,2.25,"<a href=""http://www.espn.com/nhl/player/_/id/3042056""><img src=""../NHL/images3042056.png""></a>"
0.812606293,20,Tyler Bozak,2.171875,"<a href=""http://www.espn.com/nhl/player/_/id/5347""><img src=""../NHL/images5347.png""></a>"
0.789221939,2,Tyler Ennis,2.109375,"<a href=""http://www.espn.com/nhl/player/_/id/5069""><img src=""../NHL/images5069.png""></a>"
0.728344671,10,Tyler Motte,1.946666667,"<a href=""http://www.espn.com/nhl/player/_/id/3042138""><img src=""../NHL/images3042138.png""></a>"
0.809726876,6,Tyler Pitlick,2.164179104,"<a href=""http://www.espn.com/nhl/player/_/id/5526""><img src=""../NHL/images5526.png""></a>"
0.802611367,18,Tyler Seguin,2.14516129,"<a href=""http://www.espn.com/nhl/player/_/id/5430""><img src=""../NHL/images5430.png""></a>"
0.767735666,36,Tyson Barrie,2.051948052,"<a href=""http://www.espn.com/nhl/player/_/id/5181""><img src=""../NHL/images5181.png""></a>"
0.89569161,14,Tyson Jost,2.393939394,"<a href=""http://www.espn.com/nhl/player/_/id/4024879""><img src=""../NHL/images4024879.png""></a>"
0.717120181,2,Valentin Zykov,1.916666667,"<a href=""http://www.espn.com/nhl/player/_/id/3042001""><img src=""../NHL/images3042001.png""></a>"
0.821902532,0,Valeri Nichushkin,2.196721311,"<a href=""http://www.espn.com/nhl/player/_/id/3042003""><img src=""../NHL/images3042003.png""></a>"
0.743310658,16,Valtteri Filppula,1.986666667,"<a href=""http://www.espn.com/nhl/player/_/id/3144""><img src=""../NHL/images3144.png""></a>"
0.689223058,44,Victor Hedman,1.842105263,"<a href=""http://www.espn.com/nhl/player/_/id/5157""><img src=""../NHL/images5157.png""></a>"
0.876738755,6,Victor Mete,2.343283582,"<a href=""http://www.espn.com/nhl/player/_/id/4081035""><img src=""../NHL/images4081035.png""></a>"
0.828474247,2,Victor Olofsson,2.214285714,"<a href=""http://www.espn.com/nhl/player/_/id/3151096""><img src=""../NHL/images3151096.png""></a>"
0.752918451,8,Victor Rask,2.012345679,"<a href=""http://www.espn.com/nhl/player/_/id/2563085""><img src=""../NHL/images2563085.png""></a>"
0.712906784,26,Viktor Arvidsson,1.905405405,"<a href=""http://www.espn.com/nhl/player/_/id/3120307""><img src=""../NHL/images3120307.png""></a>"
0.773579702,45,Vince Dunn,2.067567568,"<a href=""http://www.espn.com/nhl/player/_/id/3904189""><img src=""../NHL/images3904189.png""></a>"
0.818452381,14,Vinni Lettieri,2.1875,"<a href=""http://www.espn.com/nhl/player/_/id/3095892""><img src=""../NHL/images3095892.png""></a>"
0.834641549,14,Vinnie Hinostroza,2.230769231,"<a href=""http://www.espn.com/nhl/player/_/id/3069613""><img src=""../NHL/images3069613.png""></a>"
0.769085412,26,Vladimir Sobotka,2.055555556,"<a href=""http://www.espn.com/nhl/player/_/id/3714""><img src=""../NHL/images3714.png""></a>"
0.823129252,22,Vladimir Tarasenko,2.2,"<a href=""http://www.espn.com/nhl/player/_/id/5837""><img src=""../NHL/images5837.png""></a>"
0.743376298,10,Vladislav Kamenev,1.986842105,"<a href=""http://www.espn.com/nhl/player/_/id/3114999""><img src=""../NHL/images3114999.png""></a>"
0.769085412,44,Vladislav Namestnikov,2.055555556,"<a href=""http://www.espn.com/nhl/player/_/id/2562622""><img src=""../NHL/images2562622.png""></a>"
0.851909995,20,Warren Foegele,2.276923077,"<a href=""http://www.espn.com/nhl/player/_/id/3151036""><img src=""../NHL/images3151036.png""></a>"
0.722316704,99,Wayne Simmonds,1.930555556,"<a href=""http://www.espn.com/nhl/player/_/id/3817""><img src=""../NHL/images3817.png""></a>"
0.7696793,18,Will Butcher,2.057142857,"<a href=""http://www.espn.com/nhl/player/_/id/3042169""><img src=""../NHL/images3042169.png""></a>"
0.783219955,29,William Carrier,2.093333333,"<a href=""http://www.espn.com/nhl/player/_/id/3042054""><img src=""../NHL/images3042054.png""></a>"
0.789302022,16,William Karlsson,2.109589041,"<a href=""http://www.espn.com/nhl/player/_/id/2563057""><img src=""../NHL/images2563057.png""></a>"
0.888605442,16,William Nylander,2.375,"<a href=""http://www.espn.com/nhl/player/_/id/3114736""><img src=""../NHL/images3114736.png""></a>"
0.832064169,66,Yanni Gourde,2.223880597,"<a href=""http://www.espn.com/nhl/player/_/id/3094261""><img src=""../NHL/images3094261.png""></a>"
0.723018937,18,Yannick Weber,1.932432432,"<a href=""http://www.espn.com/nhl/player/_/id/4045""><img src=""../NHL/images4045.png""></a>"
0.781805259,20,Zac Rinaldo,2.089552239,"<a href=""http://www.espn.com/nhl/player/_/id/5145""><img src=""../NHL/images5145.png""></a>"
0.797101449,52,Zach Bogosian,2.130434783,"<a href=""http://www.espn.com/nhl/player/_/id/4002""><img src=""../NHL/images4002.png""></a>"
0.871154432,65,Zach Hyman,2.328358209,"<a href=""http://www.espn.com/nhl/player/_/id/5509""><img src=""../NHL/images5509.png""></a>"
0.823129252,26,Zach Parise,2.2,"<a href=""http://www.espn.com/nhl/player/_/id/2975""><img src=""../NHL/images2975.png""></a>"
0.775810324,21,Zach Sanford,2.073529412,"<a href=""http://www.espn.com/nhl/player/_/id/3042061""><img src=""../NHL/images3042061.png""></a>"
0.773579702,4,Zach Trotman,2.067567568,"<a href=""http://www.espn.com/nhl/player/_/id/2591151""><img src=""../NHL/images2591151.png""></a>"
0.835058661,102,Zack Kassian,2.231884058,"<a href=""http://www.espn.com/nhl/player/_/id/5194""><img src=""../NHL/images5194.png""></a>"
0.764566696,81,Zack Smith,2.043478261,"<a href=""http://www.espn.com/nhl/player/_/id/5025""><img src=""../NHL/images5025.png""></a>"
0.81432573,0,Zane McIntyre,2.176470588,"<a href=""http://www.espn.com/nhl/player/_/id/3648020""><img src=""../NHL/images3648020.png""></a>"
0.709924996,57,Zdeno Chara,1.897435897,"<a href=""http://www.espn.com/nhl/player/_/id/145""><img src=""../NHL/images145.png""></a>"
0.730048117,17,Zemgus Girgensons,1.951219512,"<a href=""http://www.espn.com/nhl/player/_/id/2968829""><img src=""../NHL/images2968829.png""></a>"
